applauding_177.jpg,3
applauding_119.jpg,3
applauding_087.jpg,3
applauding_228.jpg,3
applauding_260.jpg,3
applauding_189.jpg,3
applauding_049.jpg,3
applauding_058.jpg,3
applauding_144.jpg,3
applauding_199.jpg,3
applauding_137.jpg,3
applauding_105.jpg,3
applauding_114.jpg,3
applauding_147.jpg,3
applauding_232.jpg,3
applauding_133.jpg,3
applauding_251.jpg,3
applauding_047.jpg,3
applauding_063.jpg,3
applauding_084.jpg,3
applauding_257.jpg,3
applauding_040.jpg,3
applauding_211.jpg,3
applauding_048.jpg,3
applauding_205.jpg,3
applauding_113.jpg,3
applauding_271.jpg,3
applauding_030.jpg,3
applauding_051.jpg,3
applauding_143.jpg,3
applauding_009.jpg,3
applauding_280.jpg,3
applauding_136.jpg,3
applauding_129.jpg,3
applauding_052.jpg,3
applauding_231.jpg,3
applauding_215.jpg,3
applauding_204.jpg,3
applauding_120.jpg,3
applauding_153.jpg,3
applauding_026.jpg,3
applauding_247.jpg,3
applauding_070.jpg,3
applauding_169.jpg,3
applauding_249.jpg,3
applauding_081.jpg,3
applauding_140.jpg,3
applauding_076.jpg,3
applauding_062.jpg,3
applauding_024.jpg,3
applauding_068.jpg,3
applauding_194.jpg,3
applauding_222.jpg,3
applauding_017.jpg,3
applauding_275.jpg,3
applauding_013.jpg,3
applauding_245.jpg,3
applauding_096.jpg,3
applauding_100.jpg,3
applauding_142.jpg,3
applauding_185.jpg,3
applauding_020.jpg,3
applauding_157.jpg,3
applauding_005.jpg,3
applauding_226.jpg,3
applauding_248.jpg,3
applauding_056.jpg,3
applauding_276.jpg,3
applauding_264.jpg,3
applauding_083.jpg,3
applauding_007.jpg,3
applauding_126.jpg,3
applauding_195.jpg,3
applauding_074.jpg,3
applauding_002.jpg,3
applauding_104.jpg,3
applauding_163.jpg,3
applauding_168.jpg,3
applauding_102.jpg,3
applauding_088.jpg,3
applauding_250.jpg,3
applauding_183.jpg,3
applauding_255.jpg,3
applauding_281.jpg,3
applauding_203.jpg,3
applauding_278.jpg,3
applauding_122.jpg,3
applauding_145.jpg,3
climbing_254.jpg,0
climbing_167.jpg,0
climbing_194.jpg,0
climbing_271.jpg,0
climbing_141.jpg,0
climbing_240.jpg,0
climbing_047.jpg,0
climbing_151.jpg,0
climbing_207.jpg,0
climbing_185.jpg,0
climbing_016.jpg,0
climbing_023.jpg,0
climbing_175.jpg,0
climbing_162.jpg,0
climbing_244.jpg,0
climbing_131.jpg,0
climbing_132.jpg,0
climbing_221.jpg,0
climbing_128.jpg,0
climbing_072.jpg,0
climbing_073.jpg,0
climbing_161.jpg,0
climbing_092.jpg,0
climbing_257.jpg,0
climbing_058.jpg,0
climbing_147.jpg,0
climbing_145.jpg,0
climbing_228.jpg,0
climbing_276.jpg,0
climbing_230.jpg,0
climbing_277.jpg,0
climbing_272.jpg,0
climbing_102.jpg,0
climbing_028.jpg,0
climbing_046.jpg,0
climbing_250.jpg,0
climbing_105.jpg,0
climbing_222.jpg,0
climbing_275.jpg,0
climbing_241.jpg,0
climbing_156.jpg,0
climbing_199.jpg,0
climbing_225.jpg,0
climbing_061.jpg,0
climbing_038.jpg,0
climbing_096.jpg,0
climbing_159.jpg,0
climbing_018.jpg,0
climbing_111.jpg,0
climbing_127.jpg,0
climbing_069.jpg,0
climbing_054.jpg,0
climbing_043.jpg,0
climbing_233.jpg,0
climbing_291.jpg,0
climbing_217.jpg,0
climbing_013.jpg,0
climbing_079.jpg,0
climbing_213.jpg,0
climbing_243.jpg,0
climbing_081.jpg,0
climbing_183.jpg,0
climbing_087.jpg,0
climbing_169.jpg,0
climbing_173.jpg,0
climbing_258.jpg,0
climbing_135.jpg,0
climbing_133.jpg,0
climbing_166.jpg,0
climbing_246.jpg,0
climbing_091.jpg,0
climbing_265.jpg,0
climbing_260.jpg,0
climbing_033.jpg,0
climbing_170.jpg,0
climbing_120.jpg,0
climbing_174.jpg,0
climbing_251.jpg,0
climbing_247.jpg,0
climbing_155.jpg,0
climbing_084.jpg,0
climbing_076.jpg,0
climbing_066.jpg,0
climbing_017.jpg,0
climbing_074.jpg,0
climbing_245.jpg,0
climbing_280.jpg,0
climbing_187.jpg,0
drinking_168.jpg,9
drinking_226.jpg,9
drinking_197.jpg,9
drinking_237.jpg,9
drinking_195.jpg,9
drinking_203.jpg,9
drinking_027.jpg,9
drinking_204.jpg,9
drinking_105.jpg,9
drinking_230.jpg,9
drinking_174.jpg,9
drinking_006.jpg,9
drinking_110.jpg,9
drinking_142.jpg,9
drinking_063.jpg,9
drinking_047.jpg,9
drinking_092.jpg,9
drinking_246.jpg,9
drinking_215.jpg,9
drinking_031.jpg,9
drinking_067.jpg,9
drinking_015.jpg,9
drinking_001.jpg,9
drinking_196.jpg,9
drinking_152.jpg,9
drinking_053.jpg,9
drinking_181.jpg,9
drinking_017.jpg,9
drinking_210.jpg,9
drinking_079.jpg,9
drinking_058.jpg,9
drinking_145.jpg,9
drinking_040.jpg,9
drinking_193.jpg,9
drinking_166.jpg,9
drinking_244.jpg,9
drinking_115.jpg,9
drinking_102.jpg,9
drinking_252.jpg,9
drinking_206.jpg,9
drinking_185.jpg,9
drinking_149.jpg,9
drinking_032.jpg,9
drinking_170.jpg,9
drinking_122.jpg,9
drinking_254.jpg,9
drinking_025.jpg,9
drinking_208.jpg,9
drinking_144.jpg,9
drinking_184.jpg,9
drinking_156.jpg,9
drinking_147.jpg,9
drinking_035.jpg,9
drinking_160.jpg,9
drinking_133.jpg,9
drinking_116.jpg,9
drinking_186.jpg,9
drinking_209.jpg,9
drinking_229.jpg,9
drinking_198.jpg,9
drinking_085.jpg,9
drinking_247.jpg,9
drinking_176.jpg,9
drinking_111.jpg,9
drinking_213.jpg,9
drinking_118.jpg,9
drinking_232.jpg,9
drinking_082.jpg,9
drinking_212.jpg,9
drinking_231.jpg,9
drinking_077.jpg,9
drinking_011.jpg,9
drinking_038.jpg,9
drinking_216.jpg,9
drinking_238.jpg,9
drinking_207.jpg,9
drinking_044.jpg,9
drinking_169.jpg,9
drinking_243.jpg,9
drinking_240.jpg,9
drinking_093.jpg,9
drinking_008.jpg,9
drinking_221.jpg,9
drinking_159.jpg,9
drinking_136.jpg,9
drinking_057.jpg,9
drinking_242.jpg,9
drinking_061.jpg,9
drinking_164.jpg,9
drinking_139.jpg,9
drinking_037.jpg,9
drinking_183.jpg,9
drinking_121.jpg,9
drinking_127.jpg,9
jumping_279.jpg,1
jumping_113.jpg,1
jumping_243.jpg,1
jumping_219.jpg,1
jumping_086.jpg,1
jumping_030.jpg,1
jumping_225.jpg,1
jumping_210.jpg,1
jumping_264.jpg,1
jumping_125.jpg,1
jumping_182.jpg,1
jumping_061.jpg,1
jumping_019.jpg,1
jumping_179.jpg,1
jumping_207.jpg,1
jumping_001.jpg,1
jumping_267.jpg,1
jumping_173.jpg,1
jumping_109.jpg,1
jumping_112.jpg,1
jumping_136.jpg,1
jumping_196.jpg,1
jumping_011.jpg,1
jumping_070.jpg,1
jumping_185.jpg,1
jumping_104.jpg,1
jumping_249.jpg,1
jumping_042.jpg,1
jumping_080.jpg,1
jumping_163.jpg,1
jumping_198.jpg,1
jumping_214.jpg,1
jumping_033.jpg,1
jumping_231.jpg,1
jumping_026.jpg,1
jumping_143.jpg,1
jumping_092.jpg,1
jumping_025.jpg,1
jumping_037.jpg,1
jumping_232.jpg,1
jumping_028.jpg,1
jumping_234.jpg,1
jumping_044.jpg,1
jumping_171.jpg,1
jumping_057.jpg,1
jumping_288.jpg,1
jumping_192.jpg,1
jumping_137.jpg,1
jumping_229.jpg,1
jumping_228.jpg,1
jumping_119.jpg,1
jumping_132.jpg,1
jumping_088.jpg,1
jumping_083.jpg,1
jumping_098.jpg,1
jumping_054.jpg,1
jumping_253.jpg,1
jumping_015.jpg,1
jumping_284.jpg,1
jumping_199.jpg,1
jumping_126.jpg,1
jumping_123.jpg,1
jumping_280.jpg,1
jumping_292.jpg,1
jumping_118.jpg,1
jumping_275.jpg,1
jumping_110.jpg,1
jumping_062.jpg,1
jumping_097.jpg,1
jumping_017.jpg,1
jumping_216.jpg,1
jumping_158.jpg,1
jumping_029.jpg,1
jumping_195.jpg,1
jumping_124.jpg,1
jumping_049.jpg,1
jumping_157.jpg,1
jumping_170.jpg,1
jumping_289.jpg,1
jumping_218.jpg,1
jumping_159.jpg,1
jumping_278.jpg,1
jumping_133.jpg,1
jumping_008.jpg,1
jumping_131.jpg,1
jumping_221.jpg,1
jumping_230.jpg,1
jumping_172.jpg,1
jumping_052.jpg,1
pouring_liquid_014.jpg,6
pouring_liquid_001.jpg,6
pouring_liquid_009.jpg,6
pouring_liquid_056.jpg,6
pouring_liquid_098.jpg,6
pouring_liquid_034.jpg,6
pouring_liquid_065.jpg,6
pouring_liquid_048.jpg,6
pouring_liquid_166.jpg,6
pouring_liquid_120.jpg,6
pouring_liquid_084.jpg,6
pouring_liquid_181.jpg,6
pouring_liquid_173.jpg,6
pouring_liquid_016.jpg,6
pouring_liquid_073.jpg,6
pouring_liquid_021.jpg,6
pouring_liquid_050.jpg,6
pouring_liquid_159.jpg,6
pouring_liquid_123.jpg,6
pouring_liquid_094.jpg,6
pouring_liquid_071.jpg,6
pouring_liquid_066.jpg,6
pouring_liquid_083.jpg,6
pouring_liquid_052.jpg,6
pouring_liquid_138.jpg,6
pouring_liquid_033.jpg,6
pouring_liquid_118.jpg,6
pouring_liquid_100.jpg,6
pouring_liquid_157.jpg,6
pouring_liquid_099.jpg,6
pouring_liquid_024.jpg,6
pouring_liquid_119.jpg,6
pouring_liquid_091.jpg,6
pouring_liquid_038.jpg,6
pouring_liquid_006.jpg,6
pouring_liquid_027.jpg,6
pouring_liquid_183.jpg,6
pouring_liquid_145.jpg,6
pouring_liquid_070.jpg,6
pouring_liquid_107.jpg,6
pouring_liquid_116.jpg,6
pouring_liquid_190.jpg,6
pouring_liquid_076.jpg,6
pouring_liquid_101.jpg,6
pouring_liquid_051.jpg,6
pouring_liquid_017.jpg,6
pouring_liquid_155.jpg,6
pouring_liquid_072.jpg,6
pouring_liquid_010.jpg,6
pouring_liquid_058.jpg,6
pouring_liquid_043.jpg,6
pouring_liquid_111.jpg,6
pouring_liquid_112.jpg,6
pouring_liquid_192.jpg,6
pouring_liquid_061.jpg,6
pouring_liquid_147.jpg,6
pouring_liquid_148.jpg,6
pouring_liquid_122.jpg,6
pouring_liquid_029.jpg,6
pouring_liquid_150.jpg,6
pouring_liquid_156.jpg,6
pouring_liquid_045.jpg,6
pouring_liquid_135.jpg,6
pouring_liquid_178.jpg,6
pouring_liquid_044.jpg,6
pouring_liquid_004.jpg,6
pouring_liquid_142.jpg,6
pouring_liquid_060.jpg,6
pouring_liquid_077.jpg,6
pouring_liquid_195.jpg,6
pouring_liquid_140.jpg,6
pouring_liquid_096.jpg,6
pouring_liquid_127.jpg,6
pouring_liquid_020.jpg,6
pouring_liquid_069.jpg,6
pouring_liquid_049.jpg,6
pouring_liquid_143.jpg,6
pouring_liquid_079.jpg,6
pouring_liquid_035.jpg,6
pouring_liquid_030.jpg,6
pouring_liquid_068.jpg,6
pouring_liquid_022.jpg,6
pouring_liquid_174.jpg,6
pouring_liquid_184.jpg,6
pouring_liquid_193.jpg,6
pouring_liquid_149.jpg,6
pouring_liquid_131.jpg,6
pouring_liquid_002.jpg,6
pouring_liquid_152.jpg,6
pouring_liquid_194.jpg,6
pouring_liquid_085.jpg,6
riding_a_bike_202.jpg,10
riding_a_bike_080.jpg,10
riding_a_bike_047.jpg,10
riding_a_bike_044.jpg,10
riding_a_bike_205.jpg,10
riding_a_bike_041.jpg,10
riding_a_bike_083.jpg,10
riding_a_bike_148.jpg,10
riding_a_bike_113.jpg,10
riding_a_bike_064.jpg,10
riding_a_bike_232.jpg,10
riding_a_bike_078.jpg,10
riding_a_bike_242.jpg,10
riding_a_bike_235.jpg,10
riding_a_bike_260.jpg,10
riding_a_bike_245.jpg,10
riding_a_bike_139.jpg,10
riding_a_bike_164.jpg,10
riding_a_bike_127.jpg,10
riding_a_bike_198.jpg,10
riding_a_bike_248.jpg,10
riding_a_bike_040.jpg,10
riding_a_bike_220.jpg,10
riding_a_bike_087.jpg,10
riding_a_bike_132.jpg,10
riding_a_bike_218.jpg,10
riding_a_bike_208.jpg,10
riding_a_bike_268.jpg,10
riding_a_bike_094.jpg,10
riding_a_bike_174.jpg,10
riding_a_bike_056.jpg,10
riding_a_bike_160.jpg,10
riding_a_bike_013.jpg,10
riding_a_bike_090.jpg,10
riding_a_bike_243.jpg,10
riding_a_bike_012.jpg,10
riding_a_bike_207.jpg,10
riding_a_bike_034.jpg,10
riding_a_bike_118.jpg,10
riding_a_bike_002.jpg,10
riding_a_bike_110.jpg,10
riding_a_bike_185.jpg,10
riding_a_bike_081.jpg,10
riding_a_bike_135.jpg,10
riding_a_bike_257.jpg,10
riding_a_bike_209.jpg,10
riding_a_bike_280.jpg,10
riding_a_bike_190.jpg,10
riding_a_bike_049.jpg,10
riding_a_bike_019.jpg,10
riding_a_bike_270.jpg,10
riding_a_bike_156.jpg,10
riding_a_bike_117.jpg,10
riding_a_bike_086.jpg,10
riding_a_bike_027.jpg,10
riding_a_bike_278.jpg,10
riding_a_bike_028.jpg,10
riding_a_bike_005.jpg,10
riding_a_bike_183.jpg,10
riding_a_bike_133.jpg,10
riding_a_bike_171.jpg,10
riding_a_bike_195.jpg,10
riding_a_bike_150.jpg,10
riding_a_bike_119.jpg,10
riding_a_bike_259.jpg,10
riding_a_bike_067.jpg,10
riding_a_bike_287.jpg,10
riding_a_bike_015.jpg,10
riding_a_bike_073.jpg,10
riding_a_bike_030.jpg,10
riding_a_bike_091.jpg,10
riding_a_bike_196.jpg,10
riding_a_bike_116.jpg,10
riding_a_bike_095.jpg,10
riding_a_bike_061.jpg,10
riding_a_bike_079.jpg,10
riding_a_bike_031.jpg,10
riding_a_bike_130.jpg,10
riding_a_bike_175.jpg,10
riding_a_bike_033.jpg,10
riding_a_bike_070.jpg,10
riding_a_bike_062.jpg,10
riding_a_bike_172.jpg,10
riding_a_bike_147.jpg,10
riding_a_bike_039.jpg,10
riding_a_bike_262.jpg,10
riding_a_bike_266.jpg,10
riding_a_horse_087.jpg,7
riding_a_horse_097.jpg,7
riding_a_horse_057.jpg,7
riding_a_horse_076.jpg,7
riding_a_horse_261.jpg,7
riding_a_horse_041.jpg,7
riding_a_horse_236.jpg,7
riding_a_horse_048.jpg,7
riding_a_horse_116.jpg,7
riding_a_horse_019.jpg,7
riding_a_horse_240.jpg,7
riding_a_horse_011.jpg,7
riding_a_horse_096.jpg,7
riding_a_horse_141.jpg,7
riding_a_horse_106.jpg,7
riding_a_horse_062.jpg,7
riding_a_horse_289.jpg,7
riding_a_horse_188.jpg,7
riding_a_horse_171.jpg,7
riding_a_horse_028.jpg,7
riding_a_horse_159.jpg,7
riding_a_horse_241.jpg,7
riding_a_horse_181.jpg,7
riding_a_horse_209.jpg,7
riding_a_horse_069.jpg,7
riding_a_horse_085.jpg,7
riding_a_horse_205.jpg,7
riding_a_horse_267.jpg,7
riding_a_horse_217.jpg,7
riding_a_horse_123.jpg,7
riding_a_horse_237.jpg,7
riding_a_horse_066.jpg,7
riding_a_horse_199.jpg,7
riding_a_horse_158.jpg,7
riding_a_horse_228.jpg,7
riding_a_horse_090.jpg,7
riding_a_horse_286.jpg,7
riding_a_horse_068.jpg,7
riding_a_horse_142.jpg,7
riding_a_horse_249.jpg,7
riding_a_horse_126.jpg,7
riding_a_horse_194.jpg,7
riding_a_horse_133.jpg,7
riding_a_horse_202.jpg,7
riding_a_horse_121.jpg,7
riding_a_horse_042.jpg,7
riding_a_horse_255.jpg,7
riding_a_horse_164.jpg,7
riding_a_horse_114.jpg,7
riding_a_horse_203.jpg,7
riding_a_horse_147.jpg,7
riding_a_horse_100.jpg,7
riding_a_horse_144.jpg,7
riding_a_horse_163.jpg,7
riding_a_horse_079.jpg,7
riding_a_horse_017.jpg,7
riding_a_horse_063.jpg,7
riding_a_horse_067.jpg,7
riding_a_horse_207.jpg,7
riding_a_horse_153.jpg,7
riding_a_horse_137.jpg,7
riding_a_horse_130.jpg,7
riding_a_horse_132.jpg,7
riding_a_horse_246.jpg,7
riding_a_horse_034.jpg,7
riding_a_horse_252.jpg,7
riding_a_horse_060.jpg,7
riding_a_horse_245.jpg,7
riding_a_horse_031.jpg,7
riding_a_horse_232.jpg,7
riding_a_horse_023.jpg,7
riding_a_horse_178.jpg,7
riding_a_horse_248.jpg,7
riding_a_horse_091.jpg,7
riding_a_horse_026.jpg,7
riding_a_horse_162.jpg,7
riding_a_horse_115.jpg,7
riding_a_horse_157.jpg,7
riding_a_horse_196.jpg,7
riding_a_horse_264.jpg,7
riding_a_horse_025.jpg,7
riding_a_horse_266.jpg,7
riding_a_horse_012.jpg,7
riding_a_horse_061.jpg,7
riding_a_horse_208.jpg,7
riding_a_horse_024.jpg,7
riding_a_horse_296.jpg,7
riding_a_horse_169.jpg,7
riding_a_horse_129.jpg,7
riding_a_horse_043.jpg,7
riding_a_horse_094.jpg,7
riding_a_horse_075.jpg,7
riding_a_horse_064.jpg,7
running_209.jpg,11
running_239.jpg,11
running_052.jpg,11
running_235.jpg,11
running_171.jpg,11
running_223.jpg,11
running_145.jpg,11
running_011.jpg,11
running_065.jpg,11
running_188.jpg,11
running_045.jpg,11
running_204.jpg,11
running_022.jpg,11
running_063.jpg,11
running_250.jpg,11
running_100.jpg,11
running_025.jpg,11
running_101.jpg,11
running_018.jpg,11
running_135.jpg,11
running_192.jpg,11
running_176.jpg,11
running_229.jpg,11
running_008.jpg,11
running_233.jpg,11
running_225.jpg,11
running_058.jpg,11
running_226.jpg,11
running_130.jpg,11
running_227.jpg,11
running_164.jpg,11
running_215.jpg,11
running_213.jpg,11
running_009.jpg,11
running_185.jpg,11
running_206.jpg,11
running_161.jpg,11
running_066.jpg,11
running_035.jpg,11
running_014.jpg,11
running_189.jpg,11
running_175.jpg,11
running_142.jpg,11
running_248.jpg,11
running_160.jpg,11
running_110.jpg,11
running_120.jpg,11
running_139.jpg,11
running_041.jpg,11
running_006.jpg,11
running_118.jpg,11
running_216.jpg,11
running_182.jpg,11
running_214.jpg,11
running_031.jpg,11
running_030.jpg,11
running_207.jpg,11
running_071.jpg,11
running_127.jpg,11
running_029.jpg,11
running_095.jpg,11
running_232.jpg,11
running_218.jpg,11
running_002.jpg,11
running_076.jpg,11
running_043.jpg,11
running_236.jpg,11
running_205.jpg,11
running_184.jpg,11
running_098.jpg,11
running_221.jpg,11
running_108.jpg,11
running_050.jpg,11
running_061.jpg,11
running_144.jpg,11
running_230.jpg,11
running_136.jpg,11
running_126.jpg,11
running_017.jpg,11
running_167.jpg,11
running_015.jpg,11
running_055.jpg,11
running_048.jpg,11
running_129.jpg,11
shooting_an_arrow_192.jpg,4
shooting_an_arrow_143.jpg,4
shooting_an_arrow_156.jpg,4
shooting_an_arrow_036.jpg,4
shooting_an_arrow_147.jpg,4
shooting_an_arrow_039.jpg,4
shooting_an_arrow_161.jpg,4
shooting_an_arrow_127.jpg,4
shooting_an_arrow_070.jpg,4
shooting_an_arrow_124.jpg,4
shooting_an_arrow_146.jpg,4
shooting_an_arrow_040.jpg,4
shooting_an_arrow_174.jpg,4
shooting_an_arrow_123.jpg,4
shooting_an_arrow_003.jpg,4
shooting_an_arrow_008.jpg,4
shooting_an_arrow_159.jpg,4
shooting_an_arrow_005.jpg,4
shooting_an_arrow_097.jpg,4
shooting_an_arrow_163.jpg,4
shooting_an_arrow_111.jpg,4
shooting_an_arrow_092.jpg,4
shooting_an_arrow_064.jpg,4
shooting_an_arrow_154.jpg,4
shooting_an_arrow_208.jpg,4
shooting_an_arrow_029.jpg,4
shooting_an_arrow_045.jpg,4
shooting_an_arrow_105.jpg,4
shooting_an_arrow_074.jpg,4
shooting_an_arrow_200.jpg,4
shooting_an_arrow_193.jpg,4
shooting_an_arrow_026.jpg,4
shooting_an_arrow_102.jpg,4
shooting_an_arrow_135.jpg,4
shooting_an_arrow_076.jpg,4
shooting_an_arrow_107.jpg,4
shooting_an_arrow_131.jpg,4
shooting_an_arrow_098.jpg,4
shooting_an_arrow_177.jpg,4
shooting_an_arrow_108.jpg,4
shooting_an_arrow_054.jpg,4
shooting_an_arrow_046.jpg,4
shooting_an_arrow_120.jpg,4
shooting_an_arrow_194.jpg,4
shooting_an_arrow_085.jpg,4
shooting_an_arrow_019.jpg,4
shooting_an_arrow_082.jpg,4
shooting_an_arrow_052.jpg,4
shooting_an_arrow_095.jpg,4
shooting_an_arrow_106.jpg,4
shooting_an_arrow_101.jpg,4
shooting_an_arrow_034.jpg,4
shooting_an_arrow_065.jpg,4
shooting_an_arrow_133.jpg,4
shooting_an_arrow_205.jpg,4
shooting_an_arrow_155.jpg,4
shooting_an_arrow_063.jpg,4
shooting_an_arrow_028.jpg,4
shooting_an_arrow_110.jpg,4
shooting_an_arrow_212.jpg,4
shooting_an_arrow_048.jpg,4
shooting_an_arrow_023.jpg,4
shooting_an_arrow_067.jpg,4
shooting_an_arrow_173.jpg,4
shooting_an_arrow_014.jpg,4
shooting_an_arrow_138.jpg,4
shooting_an_arrow_152.jpg,4
shooting_an_arrow_033.jpg,4
shooting_an_arrow_116.jpg,4
shooting_an_arrow_165.jpg,4
shooting_an_arrow_002.jpg,4
shooting_an_arrow_006.jpg,4
shooting_an_arrow_187.jpg,4
shooting_an_arrow_044.jpg,4
shooting_an_arrow_202.jpg,4
shooting_an_arrow_191.jpg,4
shooting_an_arrow_183.jpg,4
shooting_an_arrow_017.jpg,4
shooting_an_arrow_088.jpg,4
shooting_an_arrow_172.jpg,4
shooting_an_arrow_021.jpg,4
shooting_an_arrow_049.jpg,4
shooting_an_arrow_170.jpg,4
shooting_an_arrow_113.jpg,4
shooting_an_arrow_119.jpg,4
shooting_an_arrow_186.jpg,4
shooting_an_arrow_084.jpg,4
shooting_an_arrow_213.jpg,4
shooting_an_arrow_136.jpg,4
shooting_an_arrow_182.jpg,4
shooting_an_arrow_164.jpg,4
shooting_an_arrow_104.jpg,4
shooting_an_arrow_122.jpg,4
shooting_an_arrow_188.jpg,4
shooting_an_arrow_158.jpg,4
shooting_an_arrow_051.jpg,4
shooting_an_arrow_062.jpg,4
smoking_062.jpg,5
smoking_140.jpg,5
smoking_042.jpg,5
smoking_122.jpg,5
smoking_160.jpg,5
smoking_102.jpg,5
smoking_024.jpg,5
smoking_031.jpg,5
smoking_213.jpg,5
smoking_217.jpg,5
smoking_051.jpg,5
smoking_061.jpg,5
smoking_133.jpg,5
smoking_104.jpg,5
smoking_141.jpg,5
smoking_182.jpg,5
smoking_231.jpg,5
smoking_008.jpg,5
smoking_130.jpg,5
smoking_221.jpg,5
smoking_021.jpg,5
smoking_121.jpg,5
smoking_089.jpg,5
smoking_163.jpg,5
smoking_180.jpg,5
smoking_175.jpg,5
smoking_189.jpg,5
smoking_208.jpg,5
smoking_156.jpg,5
smoking_153.jpg,5
smoking_038.jpg,5
smoking_193.jpg,5
smoking_113.jpg,5
smoking_181.jpg,5
smoking_035.jpg,5
smoking_002.jpg,5
smoking_069.jpg,5
smoking_162.jpg,5
smoking_017.jpg,5
smoking_223.jpg,5
smoking_168.jpg,5
smoking_224.jpg,5
smoking_009.jpg,5
smoking_236.jpg,5
smoking_075.jpg,5
smoking_100.jpg,5
smoking_199.jpg,5
smoking_128.jpg,5
smoking_014.jpg,5
smoking_204.jpg,5
smoking_064.jpg,5
smoking_058.jpg,5
smoking_005.jpg,5
smoking_218.jpg,5
smoking_071.jpg,5
smoking_011.jpg,5
smoking_172.jpg,5
smoking_010.jpg,5
smoking_145.jpg,5
smoking_083.jpg,5
smoking_222.jpg,5
smoking_198.jpg,5
smoking_097.jpg,5
smoking_125.jpg,5
smoking_137.jpg,5
smoking_048.jpg,5
smoking_093.jpg,5
smoking_090.jpg,5
smoking_216.jpg,5
smoking_020.jpg,5
smoking_143.jpg,5
smoking_220.jpg,5
smoking_114.jpg,5
smoking_028.jpg,5
smoking_050.jpg,5
smoking_076.jpg,5
smoking_072.jpg,5
smoking_063.jpg,5
smoking_127.jpg,5
smoking_170.jpg,5
smoking_106.jpg,5
smoking_195.jpg,5
smoking_167.jpg,5
smoking_192.jpg,5
smoking_135.jpg,5
smoking_026.jpg,5
smoking_228.jpg,5
smoking_214.jpg,5
smoking_070.jpg,5
smoking_191.jpg,5
waving_hands_080.jpg,2
waving_hands_076.jpg,2
waving_hands_111.jpg,2
waving_hands_141.jpg,2
waving_hands_064.jpg,2
waving_hands_066.jpg,2
waving_hands_104.jpg,2
waving_hands_006.jpg,2
waving_hands_206.jpg,2
waving_hands_026.jpg,2
waving_hands_171.jpg,2
waving_hands_172.jpg,2
waving_hands_051.jpg,2
waving_hands_063.jpg,2
waving_hands_189.jpg,2
waving_hands_095.jpg,2
waving_hands_159.jpg,2
waving_hands_118.jpg,2
waving_hands_016.jpg,2
waving_hands_043.jpg,2
waving_hands_055.jpg,2
waving_hands_127.jpg,2
waving_hands_183.jpg,2
waving_hands_056.jpg,2
waving_hands_085.jpg,2
waving_hands_208.jpg,2
waving_hands_119.jpg,2
waving_hands_028.jpg,2
waving_hands_020.jpg,2
waving_hands_009.jpg,2
waving_hands_112.jpg,2
waving_hands_084.jpg,2
waving_hands_046.jpg,2
waving_hands_126.jpg,2
waving_hands_155.jpg,2
waving_hands_074.jpg,2
waving_hands_077.jpg,2
waving_hands_131.jpg,2
waving_hands_093.jpg,2
waving_hands_030.jpg,2
waving_hands_207.jpg,2
waving_hands_199.jpg,2
waving_hands_023.jpg,2
waving_hands_083.jpg,2
waving_hands_150.jpg,2
waving_hands_039.jpg,2
waving_hands_012.jpg,2
waving_hands_147.jpg,2
waving_hands_186.jpg,2
waving_hands_149.jpg,2
waving_hands_156.jpg,2
waving_hands_037.jpg,2
waving_hands_010.jpg,2
waving_hands_100.jpg,2
waving_hands_161.jpg,2
waving_hands_109.jpg,2
waving_hands_082.jpg,2
waving_hands_068.jpg,2
waving_hands_181.jpg,2
waving_hands_032.jpg,2
waving_hands_011.jpg,2
waving_hands_073.jpg,2
waving_hands_154.jpg,2
waving_hands_013.jpg,2
waving_hands_204.jpg,2
waving_hands_092.jpg,2
waving_hands_202.jpg,2
waving_hands_197.jpg,2
waving_hands_187.jpg,2
waving_hands_166.jpg,2
waving_hands_001.jpg,2
waving_hands_174.jpg,2
waving_hands_036.jpg,2
waving_hands_124.jpg,2
waving_hands_040.jpg,2
waving_hands_022.jpg,2
waving_hands_106.jpg,2
waving_hands_090.jpg,2
waving_hands_145.jpg,2
waving_hands_014.jpg,2
waving_hands_053.jpg,2
waving_hands_120.jpg,2
waving_hands_184.jpg,2
waving_hands_191.jpg,2
waving_hands_002.jpg,2
waving_hands_198.jpg,2
waving_hands_116.jpg,2
waving_hands_130.jpg,2
waving_hands_114.jpg,2
