ALeapToFreedom_ride_horse_f_cm_np1_le_med_2.png,7
ALeapToFreedom_ride_horse_f_cm_np1_ri_med_3.png,7
ALeapToFreedom_ride_horse_f_nm_np1_ri_med_0.png,7
ALeapToFreedom_ride_horse_f_nm_np1_ri_med_4.png,7
Alifestyle_ride_horse_f_cm_np1_fr_med_4.png,7
Alifestyle_ride_horse_f_cm_np1_le_med_0.png,7
Alifestyle_ride_horse_f_cm_np1_le_med_2.png,7
Alifestyle_ride_horse_f_cm_np1_le_med_5.png,7
Alifestyle_ride_horse_f_cm_np1_ri_med_1.png,7
Alifestyle_ride_horse_f_cm_np1_ri_med_3.png,7
Alifestyle_ride_horse_f_cm_np1_ri_med_6.png,7
BackBreakingFun_ride_horse_f_cm_np1_ba_med_1.png,7
BackBreakingFun_ride_horse_f_cm_np1_le_med_0.png,7
BackBreakingFun_ride_horse_f_cm_np1_le_med_2.png,7
Caspar_ride_horse_f_cm_np1_le_med_5.png,7
Caspar_ride_horse_f_cm_np1_ri_med_0.png,7
Caspar_ride_horse_f_cm_np1_ri_med_1.png,7
Caspar_ride_horse_f_cm_np1_ri_med_2.png,7
Caspar_ride_horse_f_cm_np1_ri_med_3.png,7
Caspar_ride_horse_f_cm_np1_ri_med_4.png,7
ChampagneRunattheParkHT_ride_horse_f_cm_np1_fr_med_0.png,7
ChampagneRunattheParkHT_ride_horse_f_cm_np1_ri_med_1.png,7
ChelseaLately-Chelsea_ride_horse_f_cm_np1_le_med_3.png,7
ChelseaLately-Chelsea_ride_horse_f_cm_np1_le_med_5.png,7
ChelseaLately-Chelsea_ride_horse_f_cm_np1_le_med_6.png,7
ChelseaLately-Chelsea_ride_horse_f_cm_np1_le_med_7.png,7
ChelseaLately-Chelsea_ride_horse_f_cm_np1_le_med_8.png,7
ChelseaLately-Chelsea_ride_horse_u_cm_np1_fr_med_2.png,7
ChelseaLately-Chelsea_ride_horse_u_cm_np1_ri_med_0.png,7
ChelseaLately-Chelsea_ride_horse_u_nm_np1_ba_med_1.png,7
ChikiMovie_ride_horse_f_cm_np1_fr_med_0.png,7
ChikiMovie_ride_horse_f_cm_np1_fr_med_1.png,7
ChikiMovie_ride_horse_f_cm_np1_le_med_4.png,7
ChikiMovie_ride_horse_f_cm_np1_le_med_5.png,7
ChikiMovie_ride_horse_f_cm_np1_le_med_6.png,7
ChikiMovie_ride_horse_f_cm_np1_le_med_8.png,7
ChikiMovie_ride_horse_f_cm_np1_ri_med_2.png,7
ChikiMovie_ride_horse_f_cm_np1_ri_med_3.png,7
ChikiMovie_ride_horse_f_cm_np1_ri_med_7.png,7
Fellowship_2_ride_horse_f_cm_np1_le_med_4.png,7
Fellowship_2_ride_horse_u_cm_np1_fr_bad_1.png,7
Fellowship_4_ride_horse_f_cm_np1_le_med_2.png,7
Fellowship_4_ride_horse_u_cm_np1_fr_med_1.png,7
Mylifehorseriding_ride_horse_f_cm_np1_ba_med_2.png,7
Mylifehorseriding_ride_horse_f_cm_np1_fr_med_3.png,7
Mylifehorseriding_ride_horse_f_cm_np1_le_med_4.png,7
Mylifehorseriding_ride_horse_f_cm_np1_le_med_6.png,7
Mylifehorseriding_ride_horse_f_cm_np1_ri_med_0.png,7
Mylifehorseriding_ride_horse_f_cm_np1_ri_med_1.png,7
Mylifehorseriding_ride_horse_f_nm_np1_fr_med_5.png,7
Paula_sHorsebackRidingLesson!7_22_08_ride_horse_f_cm_np1_ba_med_0.png,7
Paula_sHorsebackRidingLesson!7_22_08_ride_horse_f_cm_np1_ba_med_1.png,7
Paula_sHorsebackRidingLesson!7_22_08_ride_horse_f_cm_np1_ba_med_6.png,7
Paula_sHorsebackRidingLesson!7_22_08_ride_horse_f_cm_np1_fr_med_4.png,7
Paula_sHorsebackRidingLesson!7_22_08_ride_horse_f_cm_np1_le_med_2.png,7
Paula_sHorsebackRidingLesson!7_22_08_ride_horse_f_cm_np1_ri_med_3.png,7
Paula_sHorsebackRidingLesson!7_22_08_ride_horse_f_cm_np1_ri_med_5.png,7
Paula_sHorsebackRidingLesson!7_22_08_ride_horse_f_cm_np1_ri_med_7.png,7
Paula_sHorsebackRidingLesson!7_22_08_ride_horse_f_cm_np1_ri_med_8.png,7
Return_of_the_King_11_ride_horse_f_cm_np4_ba_med_4.png,7
Return_of_the_King_1_ride_horse_f_cm_np2_fr_med_2.png,7
Return_of_the_King_3_ride_horse_f_cm_np1_le_bad_1.png,7
Return_of_the_King_4_ride_horse_f_cm_np1_ba_bad_8.png,7
Return_of_the_King_9_ride_horse_f_cm_np1_fr_med_4.png,7
Return_of_the_King_9_ride_horse_f_cm_np1_ri_med_2.png,7
Two_Towers_2_ride_horse_f_cm_np3_ba_med_0.png,7
Two_Towers_3_ride_horse_f_cm_np3_ba_bad_0.png,7
Two_Towers_7_ride_horse_f_cm_np5_fr_med_1.png,7
darksideofhorseracing_ride_horse_f_cm_np1_fr_med_1.png,7
darksideofhorseracing_ride_horse_f_cm_np4_ri_med_0.png,7
#20_Rhythm_clap_u_nm_np1_fr_goo_0.png,3
#20_Rhythm_clap_u_nm_np1_fr_goo_1.png,3
#20_Rhythm_clap_u_nm_np1_fr_goo_2.png,3
#20_Rhythm_clap_u_nm_np1_le_goo_3.png,3
#20_Rhythm_clap_u_nm_np1_le_goo_4.png,3
A_Round_of_Applause_clap_u_cm_np1_fr_med_0.png,3
A_Round_of_Applause_clap_u_cm_np1_fr_med_1.png,3
Applauding_Abby_clap_u_nm_np1_fr_med_0.png,3
Applauding_Abby_clap_u_nm_np1_fr_med_1.png,3
Baby_Bob_kann_klatschen_!_clap_u_cm_np1_fr_med_0.png,3
Baby_Bob_kann_klatschen_!_clap_u_cm_np1_fr_med_1.png,3
Baby_Bob_kann_klatschen_!_clap_u_cm_np1_fr_med_2.png,3
Boom_Snap_Clap_clap_u_nm_np1_fr_med_0.png,3
Boom_Snap_Clap_clap_u_nm_np1_fr_med_1.png,3
Boom__Snap__Clap!_(Challenge)_clap_u_nm_np1_fr_med_1.png,3
Budam_-_Clap_Hands_clap_u_nm_np1_fr_med_0.png,3
Budam_-_Clap_Hands_clap_u_nm_np1_fr_med_1.png,3
Budam_-_Clap_Hands_clap_u_nm_np1_fr_med_2.png,3
Clap_Hands_clap_u_nm_np1_fr_med_0.png,3
Clap_Hands_clap_u_nm_np1_fr_med_1.png,3
Clap_Hands_clap_u_nm_np1_fr_med_2.png,3
Deutscher_Klatsch_-_The_Clap_-_Lexy_clap_f_cm_np1_fr_med_5.png,3
Deutscher_Klatsch_-_The_Clap_-_Lexy_clap_f_cm_np2_ba_med_2.png,3
Deutscher_Klatsch_-_The_Clap_-_Lexy_clap_f_cm_np2_ba_med_3.png,3
Deutscher_Klatsch_-_The_Clap_-_Lexy_clap_f_cm_np3_fr_med_4.png,3
Deutscher_Klatsch_-_The_Clap_-_Lexy_clap_f_cm_np3_fr_med_8.png,3
Deutscher_Klatsch_-_The_Clap_-_Lexy_clap_f_cm_np3_fr_med_9.png,3
Deutscher_Klatsch_-_The_Clap_-_Lexy_clap_u_cm_np1_fr_med_1.png,3
Faith_Rewarded_clap_u_cm_np1_fr_med_43.png,3
Faith_Rewarded_clap_u_cm_np1_le_med_0.png,3
Faith_Rewarded_clap_u_cm_np1_ri_goo_1.png,3
Faith_Rewarded_clap_u_nm_np1_fr_goo_87.png,3
Flamenco_Dance_Steps_-_Flamenco_Dance_Soft_Claps_clap_u_cm_np1_fr_goo_0.png,3
Flamenco_Dance_Steps_-_Flamenco_Dance_Soft_Claps_clap_u_cm_np1_fr_goo_1.png,3
Flamenco_Dance_Steps_-_Flamenco_Dance_Soft_Claps_clap_u_cm_np1_fr_goo_2.png,3
Glory_clap_h_nm_np1_fr_med_52.png,3
Glory_clap_u_nm_np2_fr_goo_51.png,3
Hand_Clapping_Game__Bim_Bum__clap_f_nm_np2_fr_med_0.png,3
Hand_Clapping_Game__Bim_Bum__clap_f_nm_np2_fr_med_1.png,3
Kurt_Kr_mer_-_Klatschen_im_Flugzeug_clap_f_nm_np1_fr_med_0.png,3
Kurt_Kr_mer_-_Klatschen_im_Flugzeug_clap_u_cm_np1_fr_med_1.png,3
Kurt_Kr_mer_-_Klatschen_im_Flugzeug_clap_u_cm_np1_ri_bad_3.png,3
Kurt_Kr_mer_-_Klatschen_im_Flugzeug_clap_u_cm_np1_ri_bad_4.png,3
My_Lil__Man_clapping_his_Hands_clap_u_nm_np1_fr_goo_0.png,3
My_Lil__Man_clapping_his_Hands_clap_u_nm_np1_fr_med_1.png,3
NotAnotherTeenMovieslowclap_clap_u_cm_np1_fr_med_1.png,3
NotAnotherTeenMovieslowclap_clap_u_cm_np5_fr_med_3.png,3
NotAnotherTeenMovieslowclap_clap_u_nm_np1_fr_med_0.png,3
RE-_Boom_Snap_Clap_clap_u_nm_np1_fr_med_0.png,3
RE-_Boom_Snap_Clap_clap_u_nm_np1_fr_med_1.png,3
Ronin_Paintball_Club_-_MY-NPL_2009_Malacca_Prize_Giving_Ceremony_Part_2_clap_u_cm_np1_ba_med_0.png,3
SnakesonaPlaneSlowClap_clap_u_cm_np2_fr_med_0.png,3
Song_I_Can_Wave_My_Hands_-_Cullen_s_Abc_s_clap_u_cm_np1_fr_med_3.png,3
Song_I_Can_Wave_My_Hands_-_Cullen_s_Abc_s_clap_u_cm_np1_fr_med_4.png,3
Veoh_Alpha_Dog_1_clap_u_nm_np1_fr_goo_62.png,3
Wendy_playing_wii_fit_with_clapping_hands_clap_f_cm_np1_le_med_0.png,3
_Boom_Snap_Clap__challenge_clap_u_nm_np1_fr_med_0.png,3
_Boom_Snap_Clap__challenge_clap_u_nm_np1_fr_med_1.png,3
boom-snap-clap_clap_u_nm_np1_fr_med_0.png,3
boom-snap-clap_clap_u_nm_np1_fr_med_1.png,3
boom-snap-clap_clap_u_nm_np1_fr_med_2.png,3
boom-snap-clap_clap_u_nm_np1_fr_med_3.png,3
boom_snap_clap_(challenge)_HARDCORE_VERSION!_clap_u_nm_np1_fr_bad_0.png,3
boom_snap_clap_(challenge)_HARDCORE_VERSION!_clap_u_nm_np1_fr_bad_1.png,3
boom_snap_clap_(challenge)_clap_u_nm_np1_fr_med_0.png,3
boom_snap_clap_(challenge)_clap_u_nm_np1_fr_med_1.png,3
boomsnapclap!_clap_u_nm_np1_fr_med_0.png,3
boomsnapclap!_clap_u_nm_np1_fr_med_1.png,3
boomsnapclap!_clap_u_nm_np1_fr_med_2.png,3
slowclap_clap_u_nm_np1_fr_goo_0.png,3
Bar_Basics_-_How_to_Pour_Liquor_Accurately_by_Counting_pour_u_cm_np1_fr_med_0.png,6
Bar_Basics_-_How_to_Pour_Liquor_Accurately_by_Counting_pour_u_cm_np1_fr_med_1.png,6
Bar_Basics_-_How_to_Pour_Liquor_Accurately_by_Counting_pour_u_cm_np1_fr_med_2.png,6
Bartender_School_Students_Practice_pour_u_cm_np1_fr_med_1.png,6
Bartender_School_Students_Practice_pour_u_cm_np1_fr_med_3.png,6
Bartender_School_Students_Practice_pour_u_cm_np6_le_med_0.png,6
Bayerisch_leben-_Weissbier_richtig_eingeschenkt_pour_u_nm_np1_fr_med_0.png,6
Become_a_Professional_Bartender_pour_u_cm_np1_fr_med_0.png,6
Become_a_Professional_Bartender_pour_u_cm_np1_fr_med_1.png,6
Become_a_Professional_Bartender_pour_u_cm_np1_fr_med_2.png,6
Bier_richtig_einschenken_pour_u_cm_np1_fr_med_0.png,6
Bier_richtig_einschenken_pour_u_cm_np1_fr_med_1.png,6
Bottoms_Up_-_Bartending_Lesson__The_Margarita!_pour_u_nm_np1_fr_goo_0.png,6
Bottoms_Up_-_Bartending_Lesson__The_Margarita!_pour_u_nm_np1_fr_goo_2.png,6
Cachaca_cocktails_pour_u_nm_np1_fr_med_0.png,6
Cachaca_cocktails_pour_u_nm_np1_fr_med_1.png,6
Cachaca_cocktails_pour_u_nm_np1_fr_med_2.png,6
Cocktail_Pouring_pour_u_nm_np2_ri_med_0.png,6
Drink_#18_-_Apple_martini_pour_u_nm_np1_fr_goo_0.png,6
Drink_#18_-_Apple_martini_pour_u_nm_np1_fr_goo_1.png,6
Drink_#18_-_Apple_martini_pour_u_nm_np1_fr_goo_2.png,6
Gaiwan_tea_ceremony_pour_u_cm_np1_fr_med_0.png,6
Gaiwan_tea_ceremony_pour_u_cm_np1_fr_med_2.png,6
How_To_Pour_Ice_Tea_pour_u_nm_np1_fr_med_0.png,6
How_To_Pour_Ice_Tea_pour_u_nm_np1_fr_med_1.png,6
How_To_Pour_Ice_Tea_pour_u_nm_np1_fr_med_2.png,6
How_To_Pour_a_Franziskaner_pour_u_cm_np1_fr_med_0.png,6
How_To_Pour_a_Franziskaner_pour_u_cm_np1_fr_med_1.png,6
How_to_Build_a_Cocktail_pour_u_nm_np1_fr_med_0.png,6
How_to_Build_a_Cocktail_pour_u_nm_np1_fr_med_2.png,6
How_to_pour_beer_pour_u_nm_np1_fr_goo_0.png,6
How_to_pour_wine_Bar_Basics_5_Bartending_tips_-_Rockstar_Bartender_pour_u_nm_np1_fr_med_0.png,6
Intro_to_Bartending_-_Lesson_2-Highball_Drinks_pour_u_nm_np1_ri_med_0.png,6
Intro_to_Bartending_-_Lesson_2-Highball_Drinks_pour_u_nm_np1_ri_med_1.png,6
Intro_to_Bartending_-_Lesson_2-Highball_Drinks_pour_u_nm_np1_ri_med_2.png,6
Kamikaze_Martini_Coctail_pour_u_nm_np1_fr_med_0.png,6
Kamikaze_Martini_Coctail_pour_u_nm_np1_fr_med_1.png,6
Kamikaze_Martini_Coctail_pour_u_nm_np1_fr_med_2.png,6
Katie_teaching_how_to_pour_wine_pour_u_cm_np1_fr_med_0.png,6
Mixing_Popular_Rum_Drinks_-_Making_a_Flaming_Zombie_Cocktail_pour_u_nm_np1_fr_goo_0.png,6
Mixing_Popular_Rum_Drinks_-_Making_a_Flaming_Zombie_Cocktail_pour_u_nm_np1_fr_goo_1.png,6
Mixing_Popular_Rum_Drinks_-_Making_a_Flaming_Zombie_Cocktail_pour_u_nm_np1_fr_goo_2.png,6
New_Orleans__best_cocktails-_Hot_Buttered_Rum_pour_u_nm_np1_fr_med_0.png,6
New_Orleans__best_cocktails-_Hot_Buttered_Rum_pour_u_nm_np1_fr_med_1.png,6
New_Orleans__best_cocktails-_Hot_Buttered_Rum_pour_u_nm_np1_fr_med_2.png,6
Rum_Mixed_Drinks-_Part_4_-_How_to_Make_the_Cuba_Libre_Mixed_Drink_pour_u_nm_np1_fr_goo_0.png,6
Rum_Mixed_Drinks-_Part_4_-_How_to_Make_the_Cuba_Libre_Mixed_Drink_pour_u_nm_np1_fr_goo_1.png,6
Rum_Mixed_Drinks-_Part_4_-_How_to_Make_the_Cuba_Libre_Mixed_Drink_pour_u_nm_np1_fr_goo_2.png,6
Spectacular_tea_pouring_pour_u_cm_np1_ri_med_0.png,6
Spectacular_tea_pouring_pour_u_cm_np1_ri_med_1.png,6
Spectacular_tea_pouring_pour_u_cm_np1_ri_med_2.png,6
Spirit_Pouring_pour_u_nm_np1_fr_goo_0.png,6
Spirit_Pouring_pour_u_nm_np1_fr_goo_1.png,6
Spirit_Pouring_pour_u_nm_np1_fr_goo_2.png,6
Tequila_Sunrise_pour_u_cm_np1_le_med_0.png,6
Tequila_Sunrise_pour_u_cm_np1_le_med_1.png,6
Traditional_Chinese_Tea_Ceremony_(Chinese)_pour_u_cm_np1_fr_med_0.png,6
Traditional_Chinese_Tea_Ceremony_(Chinese)_pour_u_cm_np1_fr_med_1.png,6
Traditional_Chinese_Tea_Ceremony_(Chinese)_pour_u_cm_np1_fr_med_2.png,6
Traditional_chinese_tea_ceremony_pour_u_cm_np1_fr_goo_0.png,6
Traditional_chinese_tea_ceremony_pour_u_cm_np1_fr_goo_1.png,6
Traditional_chinese_tea_ceremony_pour_u_cm_np1_fr_goo_2.png,6
Video_Bartending_Guide_-_Kamikaze_Shot_Recipe_-_Vodka_Shots_pour_u_nm_np1_fr_med_0.png,6
Video_Bartending_Guide_-_Kamikaze_Shot_Recipe_-_Vodka_Shots_pour_u_nm_np1_fr_med_1.png,6
_Art_of_the_Drink__Flaming_Zombie_pour_u_nm_np2_fr_med_0.png,6
_Art_of_the_Drink__Flaming_Zombie_pour_u_nm_np2_fr_med_1.png,6
crazy_german_guy_shows_how_do_they_pour_a_wheat_beer_pour_u_cm_np1_fr_goo_0.png,6
crazy_german_guy_shows_how_do_they_pour_a_wheat_beer_pour_u_cm_np1_fr_goo_1.png,6
crazy_german_guy_shows_how_do_they_pour_a_wheat_beer_pour_u_cm_np1_fr_goo_2.png,6
prelinger_LetsPlay1949_pour_u_nm_np1_fr_goo_15.png,6
20060723sfjffangelina_run_f_nm_np1_ri_med_2.png,11
20060723sfjffjewcy_run_f_nm_np1_ba_med_3.png,11
20060723sfjffsomelikeitwarmed_run_f_nm_np1_fr_med_6.png,11
50_FIRST_DATES_run_f_cm_np1_ba_med_12.png,11
50_FIRST_DATES_run_f_cm_np1_ri_med_21.png,11
APOCALYPTO_run_u_nm_np1_fr_med_3.png,11
A_Beautiful_Mind_4_run_f_cm_np1_ba_med_9.png,11
A_Beautiful_Mind_5_run_u_cm_np1_fr_med_7.png,11
AmericanGangster_run_f_cm_np1_le_med_18.png,11
AmericanGangster_run_u_cm_np1_ri_med_65.png,11
AmericanGangster_run_u_nm_np1_ba_med_66.png,11
CastAway1_run_f_cm_np1_ri_med_2.png,11
CharlieAndTheChocolateFactory_run_f_nm_np1_fr_bad_15.png,11
CharlieAndTheChocolateFactory_run_f_nm_np1_le_bad_16.png,11
Crash_run_f_cm_np1_fr_med_17.png,11
Crash_run_l_cm_np1_fr_med_21.png,11
EVOLUTION_run_f_nm_np2_fr_med_25.png,11
Faith_Rewarded_run_f_cm_np1_le_med_16.png,11
Fellowship_7_run_f_cm_np1_fr_med_4.png,11
Fellowship_7_run_f_cm_np1_ri_med_15.png,11
HP_PRISONER_OF_AZKABAN_run_f_cm_np1_ba_bad_36.png,11
HP_PRISONER_OF_AZKABAN_run_f_cm_np1_le_bad_35.png,11
HP_PRISONER_OF_AZKABAN_run_f_nm_np1_fr_med_25.png,11
Hitch_Part_2_run_f_nm_np1_fr_med_11.png,11
MeettheFockers_run_u_nm_np1_fr_med_13.png,11
RATRACE_run_f_cm_np1_ba_med_14.png,11
RATRACE_run_f_cm_np1_fr_med_16.png,11
RATRACE_run_f_cm_np1_le_bad_24.png,11
RATRACE_run_f_nm_np1_ri_med_7.png,11
RETURN_OF_THE_KING_run_f_cm_np1_fr_bad_32.png,11
RETURN_OF_THE_KING_run_f_cm_np1_ri_bad_6.png,11
RETURN_OF_THE_KING_run_f_cm_np1_ri_med_11.png,11
RETURN_OF_THE_KING_run_f_nm_np1_ba_med_43.png,11
RETURN_OF_THE_KING_run_u_cm_np1_fr_bad_46.png,11
Return_of_the_King_4_run_f_cm_np1_ri_med_5.png,11
Superbad_run_f_nm_np1_ba_med_2.png,11
SweeneyTodd_run_f_nm_np1_ba_bad_32.png,11
THE_PROTECTOR_run_f_cm_np1_ba_med_13.png,11
THE_PROTECTOR_run_f_cm_np1_ba_med_35.png,11
THE_PROTECTOR_run_f_cm_np1_ba_med_44.png,11
THE_PROTECTOR_run_f_cm_np1_le_med_15.png,11
THE_PROTECTOR_run_f_cm_np1_ri_med_101.png,11
THE_PROTECTOR_run_f_nm_np1_fr_med_71.png,11
THE_PROTECTOR_run_f_nm_np1_le_med_91.png,11
THE_PROTECTOR_run_u_cm_np1_fr_med_88.png,11
THE_PROTECTOR_run_u_cm_np1_le_med_1.png,11
TheBoondockSaints_run_f_cm_np3_fr_bad_128.png,11
TheBoondockSaints_run_u_nm_np1_ba_bad_93.png,11
TheLastManOnearth_run_f_cm_np1_ba_med_45.png,11
TheLastManOnearth_run_f_cm_np1_fr_med_48.png,11
TheLastManOnearth_run_f_cm_np1_le_med_47.png,11
TheLastManOnearth_run_f_nm_np1_ba_bad_40.png,11
TheLastManOnearth_run_f_nm_np1_fr_med_42.png,11
TheLastManOnearth_run_f_nm_np2_fr_med_49.png,11
TheLittleShopofHorrors_run_f_cm_np1_fr_bad_13.png,11
The_Fugitive_2_run_f_cm_np1_fr_med_1.png,11
The_Fugitive_2_run_f_cm_np1_fr_med_20.png,11
The_House_on_Haunted_Hill_run_f_cm_np1_le_med_12.png,11
The_Matrix_6_run_f_cm_np1_ba_med_1.png,11
The_Matrix_6_run_f_cm_np1_fr_med_2.png,11
TrumanShow_run_f_cm_np1_ba_med_13.png,11
TrumanShow_run_f_nm_np1_ba_med_19.png,11
TrumanShow_run_f_nm_np1_ba_med_21.png,11
TrumanShow_run_f_nm_np1_le_med_11.png,11
Two_Towers_1_run_f_cm_np2_fr_med_4.png,11
Two_Towers_1_run_u_cm_np2_fr_bad_6.png,11
metacafe_coolsoccer_run_f_cm_np10_le_bad_2.png,11
metacafe_coolsoccer_run_f_cm_np3_fr_bad_6.png,11
metacafe_coolsoccer_run_f_cm_np6_le_bad_8.png,11
nameunknown256kb_run_f_cm_np1_fr_med_3.png,11
21_wave_u_nm_np1_fr_goo_5.png,2
50_FIRST_DATES_wave_f_cm_np1_fr_med_0.png,2
50_FIRST_DATES_wave_u_cm_np1_fr_goo_30.png,2
50_FIRST_DATES_wave_u_cm_np1_fr_med_1.png,2
50_FIRST_DATES_wave_u_cm_np1_fr_med_36.png,2
A_Beautiful_Mind_2_wave_u_cm_np1_ri_med_3.png,2
Abschieds-winken_!!!!!!_Gruss_Guido_wave_u_cm_np1_fr_bad_0.png,2
Abschieds-winken_!!!!!!_Gruss_Guido_wave_u_cm_np1_fr_bad_1.png,2
AllThePresidentMen_wave_h_nm_np1_fr_med_6.png,2
AmericanGangster_wave_u_cm_np1_fr_med_57.png,2
BIG_FISH_wave_u_nm_np1_fr_bad_4.png,2
BIG_FISH_wave_u_nm_np1_fr_goo_10.png,2
BIG_FISH_wave_u_nm_np1_fr_goo_9.png,2
BIG_FISH_wave_u_nm_np1_le_goo_28.png,2
BLACK_HAWK_DOWN_wave_u_nm_np1_ba_goo_19.png,2
BuddhaPainter_wave_u_nm_np1_fr_med_1.png,2
CastAway1_wave_u_cm_np1_ri_med_4.png,2
CharlieAndTheChocolateFactory_wave_u_nm_np1_fr_bad_1.png,2
CharlieAndTheChocolateFactory_wave_u_nm_np1_fr_med_2.png,2
CharlieAndTheChocolateFactory_wave_u_nm_np2_fr_goo_18.png,2
Chris_Benoit_waving_goodbye_wave_u_nm_np1_fr_med_0.png,2
Chris_Benoit_waving_goodbye_wave_u_nm_np1_fr_med_1.png,2
Crash_wave_u_cm_np1_ba_med_13.png,2
EVOLUTION_wave_u_cm_np1_fr_med_4.png,2
EVOLUTION_wave_u_nm_np1_fr_med_18.png,2
EVOLUTION_wave_u_nm_np1_le_med_3.png,2
Glory_wave_u_nm_np6_fr_med_33.png,2
Hitch_Part_2_wave_h_nm_np1_fr_goo_12.png,2
IndianaJonesandTheTempleofDoom_wave_h_nm_np1_fr_med_2.png,2
KUNG_FU_HUSTLE_wave_f_nm_np1_fr_med_7.png,2
L_cheln_Und_Winken_wave_h_cm_np1_fr_med_0.png,2
L_cheln_Und_Winken_wave_h_cm_np1_fr_med_1.png,2
MUSE_Wave_Goodbye_in_Wembley_wave_u_cm_np3_fr_med_1.png,2
MUSE_Wave_Goodbye_in_Wembley_wave_u_nm_np3_fr_med_0.png,2
Maddin_winkt_wave_h_cm_np1_fr_med_1.png,2
Maddin_winkt_wave_h_cm_np1_le_med_0.png,2
Maya_beim_Winken_wave_f_cm_np1_fr_med_0.png,2
Maya_beim_Winken_wave_f_cm_np1_fr_med_1.png,2
Maya_beim_Winken_wave_f_cm_np1_fr_med_2.png,2
Newall_Green_High_Students_Waving_Goodbye_wave_u_cm_np1_fr_bad_2.png,2
Newall_Green_High_Students_Waving_Goodbye_wave_u_cm_np1_fr_med_0.png,2
Newall_Green_High_Students_Waving_Goodbye_wave_u_cm_np3_fr_med_1.png,2
Oceans12_wave_h_nm_np1_fr_goo_8.png,2
Poldi_beim_Spiel_Deutschland_Schweden_16_8_wave_u_cm_np1_ri_med_0.png,2
RATRACE_wave_f_nm_np1_fr_goo_37.png,2
RATRACE_wave_f_nm_np1_fr_med_21.png,2
RATRACE_wave_f_nm_np1_ri_med_10.png,2
RATRACE_wave_u_cm_np1_fr_med_6.png,2
RATRACE_wave_u_nm_np1_fr_med_27.png,2
RATRACE_wave_u_nm_np1_fr_med_34.png,2
RATRACE_wave_u_nm_np1_fr_med_9.png,2
Song_I_Can_Wave_My_Hands_-_Cullen_s_Abc_s_wave_u_cm_np1_fr_med_0.png,2
Song_I_Can_Wave_My_Hands_-_Cullen_s_Abc_s_wave_u_cm_np1_fr_med_1.png,2
Song_I_Can_Wave_My_Hands_-_Cullen_s_Abc_s_wave_u_cm_np1_fr_med_2.png,2
UNREPEATABLE_wave_f_nm_np1_fr_med_5.png,2
We_Wave_-_Premiere_wave_f_cm_np2_fr_med_0.png,2
Wie_man_winkt!!_wave_u_cm_np1_fr_med_0.png,2
_I_ll_Just_Wave_My_Hand__sung_by_Cornerstone_Male_Choir_wave_u_cm_np1_fr_med_0.png,2
_I_ll_Just_Wave_My_Hand__sung_by_Cornerstone_Male_Choir_wave_u_cm_np1_fr_med_1.png,2
_I_ll_Just_Wave_My_Hand__sung_by_Cornerstone_Male_Choir_wave_u_cm_np1_fr_med_2.png,2
eddieizzardcircle_wave_u_nm_np1_ri_med_8.png,2
likebeckam_wave_u_cm_np1_fr_med_6.png,2
likebeckam_wave_u_cm_np1_le_med_20.png,2
prelinger_LetsBeGo1953_wave_u_cm_np10_ba_med_2.png,2
prelinger_LetsBeGo1953_wave_u_cm_np10_ba_med_3.png,2
prideandprejudice1_wave_f_nm_np1_ri_med_14.png,2
veoh_harold_and_kumar_wave_u_nm_np1_fr_goo_5.png,2
wave_and_say_hi_wave_u_nm_np1_fr_med_0.png,2
winKen_wave_u_cm_np1_ba_bad_0.png,2
winKen_wave_u_cm_np1_ri_bad_1.png,2
A_Beautiful_Mind_1_jump_f_cm_np1_ba_bad_3.png,1
Arrasando_no_Le_Parkour_jump_f_cm_np1_le_bad_0.png,1
Arrasando_no_Le_Parkour_jump_f_cm_np1_ri_bad_1.png,1
Arrasando_no_Le_Parkour_jump_f_nm_np1_le_med_2.png,1
Arrasando_no_Le_Parkour_jump_f_nm_np1_ri_med_3.png,1
BLACK_HAWK_DOWN_jump_f_cm_np1_ri_bad_9.png,1
CharlieAndTheChocolateFactory_jump_f_nm_np1_fr_bad_5.png,1
Documentario_Le_Parkour_Londrina_jump_f_cm_np1_ba_bad_12.png,1
Documentario_Le_Parkour_Londrina_jump_f_cm_np1_fr_bad_10.png,1
Documentario_Le_Parkour_Londrina_jump_f_cm_np1_le_bad_11.png,1
Documentario_Le_Parkour_Londrina_jump_f_cm_np1_ri_bad_5.png,1
Documentario_Le_Parkour_Londrina_jump_f_cm_np1_ri_bad_6.png,1
Documentario_Le_Parkour_Londrina_jump_f_nm_np1_ba_bad_1.png,1
Documentario_Le_Parkour_Londrina_jump_f_nm_np1_le_bad_8.png,1
Documentario_Le_Parkour_Londrina_jump_f_nm_np1_ri_bad_2.png,1
Documentario_Le_Parkour_Londrina_jump_f_nm_np1_ri_bad_4.png,1
Documentario_Le_Parkour_Londrina_jump_f_nm_np1_ri_bad_7.png,1
Fellowship_5_jump_f_nm_np1_fr_bad_10.png,1
Fellowship_5_jump_f_nm_np1_ri_bad_11.png,1
Fellowship_7_jump_f_cm_np1_fr_bad_1.png,1
Goalkeeper_Felix_Schwake_jump_f_cm_np1_le_bad_5.png,1
Goalkeeper_Felix_Schwake_jump_f_cm_np1_le_bad_6.png,1
Goalkeeper_Felix_Schwake_jump_f_cm_np1_ri_bad_0.png,1
Goalkeeper_Felix_Schwake_jump_f_cm_np1_ri_bad_1.png,1
Goalkeeper_Felix_Schwake_jump_f_cm_np1_ri_bad_2.png,1
Goalkeeper_Felix_Schwake_jump_f_nm_np1_ri_bad_3.png,1
Gregoire_Airman_showreel_2008_jump_f_cm_np1_ba_bad_1.png,1
Gregoire_Airman_showreel_2008_jump_f_cm_np1_le_bad_0.png,1
Gregoire_Airman_showreel_2008_jump_f_cm_np1_le_bad_2.png,1
Gregoire_Airman_showreel_2008_jump_f_cm_np1_le_bad_4.png,1
Gregoire_Airman_showreel_2008_jump_f_cm_np1_ri_bad_5.png,1
Gregoire_Airman_showreel_2008_jump_f_cm_np1_ri_bad_6.png,1
HeavyHouse_jump_h_cm_np1_fr_bad_0.png,1
IamLegend_jump_f_cm_np1_ba_bad_12.png,1
KUNG_FU_HUSTLE_jump_f_cm_np1_fr_bad_16.png,1
KUNG_FU_HUSTLE_jump_f_cm_np1_fr_bad_55.png,1
KUNG_FU_HUSTLE_jump_f_nm_np1_fr_bad_38.png,1
Le_Parkour_TVCA_esporte_jump_f_cm_np1_fr_bad_1.png,1
New_polish_best_goalkeeper_-_FC_Barcelona_jump_f_cm_np1_le_bad_0.png,1
RATRACE_jump_f_cm_np1_fr_bad_38.png,1
RATRACE_jump_f_cm_np1_fr_bad_39.png,1
RATRACE_jump_f_cm_np1_fr_bad_40.png,1
RATRACE_jump_f_nm_np1_ba_bad_30.png,1
Return_of_the_King_12_jump_f_nm_np2_fr_bad_2.png,1
Return_of_the_King_7_jump_f_cm_np1_ri_bad_0.png,1
RushHour2_jump_h_nm_np1_ba_bad_8.png,1
Sam_Cooksey_Goalkeeper_Training_jump_f_cm_np1_le_bad_10.png,1
Sam_Cooksey_Goalkeeper_Training_jump_f_cm_np1_le_bad_11.png,1
Sam_Cooksey_Goalkeeper_Training_jump_f_cm_np1_le_bad_3.png,1
Sam_Cooksey_Goalkeeper_Training_jump_f_cm_np1_le_bad_8.png,1
Sam_Cooksey_Goalkeeper_Training_jump_f_cm_np1_ri_bad_1.png,1
Sam_Cooksey_Goalkeeper_Training_jump_f_cm_np1_ri_bad_5.png,1
Sam_Cooksey_Goalkeeper_Training_jump_f_cm_np1_ri_bad_6.png,1
Sam_Cooksey_Goalkeeper_Training_jump_f_cm_np1_ri_bad_7.png,1
Sommerland_Syd_sprung_in_den_tod_jump_f_cm_np1_fr_bad_0.png,1
THE_PROTECTOR_jump_f_cm_np1_ba_bad_30.png,1
THE_PROTECTOR_jump_f_cm_np1_fr_bad_29.png,1
THE_PROTECTOR_jump_f_nm_np1_ba_bad_64.png,1
THE_PROTECTOR_jump_f_nm_np1_fr_bad_95.png,1
THE_PROTECTOR_jump_f_nm_np1_fr_bad_96.png,1
TheBoondockSaints_jump_f_cm_np1_ba_bad_67.png,1
TheBoondockSaints_jump_u_cm_np1_fr_bad_83.png,1
TheBoondockSaints_jump_u_cm_np1_ri_bad_127.png,1
happy_go_lovely_jump_f_cm_np1_fr_bad_20.png,1
le_parkour_kl_jump_f_nm_np1_le_bad_3.png,1
likebeckam_jump_l_cm_np1_ri_bad_17.png,1
prelinger_ControlY1950_jump_f_nm_np1_fr_bad_13.png,1
prelinger_ControlY1950_jump_f_nm_np1_fr_bad_6.png,1
prelinger_ControlY1950_jump_f_nm_np1_fr_bad_7.png,1
prelinger_ControlY1950_jump_f_nm_np1_fr_med_12.png,1
20060723sfjffangelina_throw_u_cm_np1_ba_med_4.png,8
2008-08-09GiantsGameDodgersPracticeClaytonKershaw_throw_f_cm_np1_fr_med_0.png,8
2008-08-09GiantsGameDodgersPracticeClaytonKershaw_throw_f_cm_np1_fr_med_1.png,8
2008-08-09GiantsGameDodgersPracticeClaytonKershaw_throw_f_cm_np1_fr_med_2.png,8
APOCALYPTO_throw_f_nm_np1_fr_med_1.png,8
APOCALYPTO_throw_u_cm_np1_ri_med_0.png,8
AdamandAlvonplayingbasketball2_throw_f_nm_np1_fr_med_1.png,8
BaseballPitchingtarget_BaseballPitchingCage_throw_u_cm_np1_ba_med_1.png,8
BaseballPitchingtarget_BaseballPitchingCage_throw_u_nm_np1_ba_med_0.png,8
BiomechanicsEvaluationofaPitcher_throw_f_cm_np1_ri_med_0.png,8
Compilationknifethrowing_throw_u_nm_np1_ba_med_0.png,8
Compilationknifethrowing_throw_u_nm_np1_ba_med_1.png,8
Compilationknifethrowing_throw_u_nm_np1_ba_med_10.png,8
Compilationknifethrowing_throw_u_nm_np1_ba_med_11.png,8
Compilationknifethrowing_throw_u_nm_np1_ba_med_12.png,8
Compilationknifethrowing_throw_u_nm_np1_ba_med_13.png,8
Compilationknifethrowing_throw_u_nm_np1_ba_med_14.png,8
Compilationknifethrowing_throw_u_nm_np1_ba_med_15.png,8
Compilationknifethrowing_throw_u_nm_np1_ba_med_16.png,8
Compilationknifethrowing_throw_u_nm_np1_ba_med_17.png,8
Compilationknifethrowing_throw_u_nm_np1_ba_med_18.png,8
Compilationknifethrowing_throw_u_nm_np1_ba_med_19.png,8
Compilationknifethrowing_throw_u_nm_np1_ba_med_2.png,8
Compilationknifethrowing_throw_u_nm_np1_ba_med_3.png,8
Compilationknifethrowing_throw_u_nm_np1_ba_med_4.png,8
Compilationknifethrowing_throw_u_nm_np1_ba_med_5.png,8
Compilationknifethrowing_throw_u_nm_np1_ba_med_6.png,8
Compilationknifethrowing_throw_u_nm_np1_ba_med_7.png,8
Compilationknifethrowing_throw_u_nm_np1_ba_med_8.png,8
Compilationknifethrowing_throw_u_nm_np1_ba_med_9.png,8
Faith_Rewarded_throw_f_cm_np1_ba_med_74.png,8
Faith_Rewarded_throw_f_cm_np1_fr_bad_14.png,8
Faith_Rewarded_throw_f_cm_np1_le_med_13.png,8
Faith_Rewarded_throw_f_nm_np1_ba_bad_79.png,8
Faith_Rewarded_throw_f_nm_np1_fr_med_84.png,8
Faith_Rewarded_throw_f_nm_np1_le_bad_76.png,8
Faith_Rewarded_throw_f_nm_np1_ri_bad_9.png,8
Faith_Rewarded_throw_u_cm_np1_ba_med_6.png,8
Faith_Rewarded_throw_u_cm_np1_fr_med_2.png,8
Faith_Rewarded_throw_u_cm_np1_fr_med_33.png,8
Faith_Rewarded_throw_u_nm_np1_fr_bad_34.png,8
Fellowship_3_throw_u_nm_np1_fr_bad_4.png,8
Finding_Forrester_3_throw_u_nm_np1_fr_med_13.png,8
HowtoParticipateinKnife_throw_f_cm_np1_le_med_1.png,8
HowtoParticipateinKnife_throw_u_cm_np1_ba_med_0.png,8
KUNG_FU_HUSTLE_throw_u_cm_np1_fr_med_1.png,8
Knifethrowing1_throw_u_cm_np1_le_med_0.png,8
Knifethrowing4knivestogethernospin_throw_f_nm_np1_ri_med_1.png,8
Knifethrowing4knivestogethernospin_throw_u_nm_np1_ba_med_0.png,8
LittleChildren_throw_u_nm_np1_fr_med_8.png,8
NOVA_ELEGANTUNIVERSE2_throw_f_nm_np1_fr_med_2.png,8
Pirates_6_throw_u_cm_np1_fr_med_3.png,8
SchoolRulesHowTheyHelpUs_throw_f_nm_np1_ba_med_3.png,8
ScottKazmir_throw_f_cm_np1_fr_med_0.png,8
ScottKazmir_throw_f_cm_np1_fr_med_2.png,8
Shadow_of_a_Doubt_throw_u_cm_np1_ba_med_0.png,8
Shadow_of_a_Doubt_throw_u_cm_np1_fr_med_5.png,8
Two_Towers_6_throw_h_cm_np1_fr_bad_3.png,8
Veoh_Alpha_Dog_1_throw_f_cm_np1_le_med_5.png,8
Veoh_Alpha_Dog_1_throw_f_cm_np2_fr_med_57.png,8
Veoh_Alpha_Dog_1_throw_u_nm_np1_ri_med_25.png,8
amazingballthrowingtricks_throw_f_cm_np1_fr_med_6.png,8
amazingballthrowingtricks_throw_f_cm_np1_ri_med_1.png,8
amazingballthrowingtricks_throw_f_cm_np1_ri_med_2.png,8
amazingballthrowingtricks_throw_f_cm_np1_ri_med_4.png,8
amazingballthrowingtricks_throw_f_cm_np1_ri_med_5.png,8
amazingballthrowingtricks_throw_f_nm_np1_ri_med_0.png,8
amazingballthrowingtricks_throw_u_cm_np1_fr_med_3.png,8
baseballpitchslowmotion_throw_f_nm_np1_fr_med_0.png,8
prelinger_they_grow_up_so_fast_1_throw_f_nm_np1_fr_med_8.png,8
A_Beautiful_Mind_5_smoke_u_nm_np1_fr_goo_10.png,5
After_work_smoke_in_the_garage_smoke_h_nm_np1_fr_bad_0.png,5
American_History_X_smoke_h_nm_np1_fr_goo_26.png,5
American_History_X_smoke_h_nm_np1_fr_goo_29.png,5
American_History_X_smoke_u_nm_np1_fr_med_43.png,5
Buckle-Up_smoke_h_cm_np1_ri_goo_0.png,5
Laughing_Girl_smoke_u_nm_np1_ri_goo_0.png,5
OSSER_-_Qualboro_light_-_Marlboro_Verarschung_smoke_h_cm_np1_le_bad_0.png,5
Prelinger_LetYours1940_smoke_f_nm_np1_fr_med_6.png,5
Rauchen_f_r_Anf_nger_smoke_h_nm_np1_fr_med_0.png,5
Rauchen_f_r_Anf_nger_smoke_h_nm_np1_fr_med_1.png,5
Rauchen_f_r_Anf_nger_smoke_h_nm_np1_fr_med_2.png,5
Raucher_Antiraucher_Werbung_smoke_h_cm_np1_fr_goo_2.png,5
Raucher_Antiraucher_Werbung_smoke_h_cm_np1_fr_med_1.png,5
Raucher_Antiraucher_Werbung_smoke_u_cm_np1_fr_med_0.png,5
Return_of_the_King_11_smoke_h_nm_np1_fr_med_0.png,5
Return_of_the_King_11_smoke_h_nm_np1_fr_med_1.png,5
Return_of_the_King_1_smoke_h_cm_np1_fr_goo_7.png,5
Return_of_the_King_1_smoke_h_nm_np1_ri_goo_3.png,5
Return_of_the_King_3_smoke_h_nm_np1_fr_med_3.png,5
Sara_beim_Rauchen_-_Volume_3_smoke_h_cm_np1_fr_bad_1.png,5
Sara_beim_Rauchen_-_Volume_3_smoke_h_cm_np1_fr_bad_2.png,5
Sara_beim_Rauchen_-_Volume_3_smoke_h_cm_np1_fr_med_0.png,5
Sexy_Smoking_Girl_-_Teen_Smoking_Cigarette_smoke_u_nm_np1_fr_goo_0.png,5
Sexy_Smoking_Girl_-_Teen_Smoking_Cigarette_smoke_u_nm_np1_fr_goo_1.png,5
The_Fugitive_2_smoke_h_nm_np1_fr_med_23.png,5
The_Fugitive_2_smoke_u_cm_np1_fr_bad_22.png,5
The_Matrix_4_smoke_h_nm_np1_fr_goo_1.png,5
Veoh_Alpha_Dog_1_smoke_h_nm_np1_fr_goo_20.png,5
Veoh_Alpha_Dog_1_smoke_h_nm_np1_fr_goo_4.png,5
Veoh_Alpha_Dog_1_smoke_h_nm_np1_fr_goo_53.png,5
Veoh_Alpha_Dog_1_smoke_h_nm_np1_fr_med_54.png,5
Veoh_Alpha_Dog_1_smoke_u_cm_np1_fr_med_8.png,5
Veoh_Alpha_Dog_1_smoke_u_nm_np1_fr_med_10.png,5
Veoh_Alpha_Dog_1_smoke_u_nm_np1_ri_med_17.png,5
more_smoking_smoke_h_cm_np1_ri_med_0.png,5
more_smoking_smoke_h_cm_np1_ri_med_1.png,5
more_smoking_smoke_h_cm_np1_ri_med_2.png,5
nice_smoking_girl_smoke_h_nm_np1_le_med_0.png,5
nice_smoking_girl_smoke_h_nm_np1_le_med_1.png,5
nice_smoking_girl_smoke_h_nm_np1_le_med_2.png,5
passive_rauchen_smoke_h_cm_np1_ri_med_0.png,5
raucher_smoke_u_nm_np1_fr_med_0.png,5
raucher_smoke_u_nm_np1_fr_med_2.png,5
ricky_bobby_smoke_h_nm_np1_fr_med_0.png,5
smoking_1_smoke_h_cm_np1_ri_goo_0.png,5
smoking_1_smoke_h_cm_np1_ri_med_1.png,5
smoking_1_smoke_h_cm_np1_ri_med_2.png,5
smoking_2_smoke_h_cm_np1_ba_goo_2.png,5
smoking_2_smoke_h_cm_np1_ba_med_4.png,5
smoking_2_smoke_h_cm_np1_ba_med_5.png,5
smoking_2_smoke_h_cm_np1_ri_med_0.png,5
smoking_2_smoke_h_cm_np1_ri_med_1.png,5
smoking_2_smoke_h_cm_np1_ri_med_3.png,5
smoking_3_smoke_h_cm_np1_fr_med_1.png,5
smoking_3_smoke_h_cm_np1_le_med_0.png,5
smoking_again_smoke_h_cm_np1_le_goo_0.png,5
smoking_again_smoke_h_cm_np1_le_goo_1.png,5
smoking_again_smoke_h_cm_np1_le_goo_2.png,5
smoking_smoke_h_nm_np1_fr_med_0.png,5
smoking_smoke_h_nm_np1_fr_med_1.png,5
smoking_smoke_h_nm_np1_fr_med_2.png,5
smoking_smoking_-_tricks!_smoke_h_nm_np1_fr_goo_0.png,5
smoking_smoking_-_tricks!_smoke_h_nm_np1_fr_goo_1.png,5
smoking_smoking_-_tricks!_smoke_h_nm_np1_fr_med_2.png,5
smoking_video_smoke_h_nm_np1_fr_goo_1.png,5
smoking_video_smoke_h_nm_np1_fr_goo_2.png,5
you_like_a_nice_long_white_cig_smoke_u_nm_np1_ri_goo_0.png,5
you_like_a_nice_long_white_cig_smoke_u_nm_np1_ri_goo_1.png,5
you_like_a_nice_long_white_cig_smoke_u_nm_np1_ri_goo_2.png,5
11408ErikaRecurvefront_shoot_bow_u_nm_np1_fr_med_0.png,4
11408ErikaRecurvefront_shoot_bow_u_nm_np1_fr_med_1.png,4
6arrowswithin30seconds_shoot_bow_f_nm_np1_fr_med_0.png,4
6arrowswithin30seconds_shoot_bow_f_nm_np1_fr_med_1.png,4
6arrowswithin30seconds_shoot_bow_f_nm_np1_fr_med_2.png,4
6arrowswithin30seconds_shoot_bow_f_nm_np1_fr_med_3.png,4
6arrowswithin30seconds_shoot_bow_f_nm_np1_fr_med_4.png,4
6arrowswithin30seconds_shoot_bow_f_nm_np1_fr_med_5.png,4
ArcherShootsFOBArrowat100Yards_shoot_bow_u_nm_np1_fr_med_0.png,4
ArcherShootsFOBArrowat100Yards_shoot_bow_u_nm_np1_fr_med_1.png,4
ArcherySVK_shoot_bow_u_cm_np1_fr_med_0.png,4
ArcherySVK_shoot_bow_u_cm_np1_fr_med_1.png,4
ArcherySVK_shoot_bow_u_cm_np1_fr_med_2.png,4
Erikafrontrecurve6june08_shoot_bow_u_nm_np1_fr_med_0.png,4
Fellowship_5_shoot_bow_h_cm_np1_fr_med_7.png,4
Fellowship_5_shoot_bow_h_nm_np1_fr_goo_3.png,4
Fellowship_5_shoot_bow_h_nm_np1_fr_goo_4.png,4
Fellowship_5_shoot_bow_u_cm_np1_fr_med_13.png,4
Fellowship_5_shoot_bow_u_nm_np1_fr_goo_6.png,4
HannahFront22May08_shoot_bow_u_nm_np1_fr_med_0.png,4
HannahFront22May08_shoot_bow_u_nm_np1_fr_med_1.png,4
Hannahfront23may08_shoot_bow_u_nm_np1_fr_med_0.png,4
Hannahfront23may08_shoot_bow_u_nm_np1_fr_med_1.png,4
JuanReneSerranoSemifinal_shoot_bow_u_cm_np1_fr_goo_0.png,4
JuanReneSerranoSemifinal_shoot_bow_u_cm_np1_fr_goo_1.png,4
JuanReneSerranoSemifinal_shoot_bow_u_cm_np1_fr_goo_6.png,4
JuanReneSerranoSemifinal_shoot_bow_u_cm_np1_fr_goo_7.png,4
JuanReneSerranoSemifinal_shoot_bow_u_cm_np1_fr_med_3.png,4
JuanReneSerranoSemifinal_shoot_bow_u_cm_np1_le_goo_2.png,4
JuanReneSerranoSemifinal_shoot_bow_u_cm_np1_le_goo_4.png,4
JuanReneSerranoSemifinal_shoot_bow_u_cm_np1_le_goo_5.png,4
KLArchery1_shoot_bow_u_cm_np1_fr_med_0.png,4
KLArchery_shoot_bow_u_cm_np1_fr_med_0.png,4
MegaPrecisionArchery_shoot_bow_u_nm_np1_fr_med_0.png,4
MegaPrecisionArchery_shoot_bow_u_nm_np1_fr_med_1.png,4
MegaPrecisionArchery_shoot_bow_u_nm_np1_fr_med_2.png,4
MegaPrecisionArchery_shoot_bow_u_nm_np1_fr_med_3.png,4
MegaPrecisionArchery_shoot_bow_u_nm_np1_fr_med_4.png,4
MegaPrecisionArchery_shoot_bow_u_nm_np1_fr_med_5.png,4
Meshooting3_shoot_bow_u_cm_np1_fr_med_0.png,4
Meshooting3_shoot_bow_u_cm_np1_fr_med_1.png,4
Meshooting3_shoot_bow_u_cm_np1_fr_med_2.png,4
OhKyoMoon_shoot_bow_u_cm_np1_fr_med_0.png,4
P3Martin_shoot_bow_u_cm_np1_fr_goo_0.png,4
ParkKyungMo_shoot_bow_f_cm_np2_fr_med_0.png,4
Return_of_the_King_1_shoot_bow_u_cm_np1_fr_med_9.png,4
Return_of_the_King_7_shoot_bow_u_nm_np10_ba_med_2.png,4
Shootingarecurve_shoot_bow_u_cm_np1_fr_med_5.png,4
Shootingarecurve_shoot_bow_u_nm_np1_fr_med_0.png,4
Shootingarecurve_shoot_bow_u_nm_np1_fr_med_1.png,4
Shootingarecurve_shoot_bow_u_nm_np1_fr_med_2.png,4
Shootingarecurve_shoot_bow_u_nm_np1_fr_med_3.png,4
Shootingarecurve_shoot_bow_u_nm_np1_fr_med_4.png,4
TurkishBowDrOzveri_shoot_bow_u_cm_np1_fr_med_0.png,4
TurkishBowDrOzveri_shoot_bow_u_cm_np1_fr_med_1.png,4
TurkishBowDrOzveri_shoot_bow_u_cm_np1_fr_med_2.png,4
Two_Towers_4_shoot_bow_f_nm_np1_le_med_1.png,4
Two_Towers_4_shoot_bow_h_cm_np1_fr_goo_2.png,4
Two_Towers_6_shoot_bow_u_nm_np1_fr_med_2.png,4
Updatedvideoofmeshootingteamusaarchery_shoot_bow_f_nm_np1_ba_med_0.png,4
Updatedvideoofmeshootingteamusaarchery_shoot_bow_f_nm_np1_ri_med_1.png,4
Updatedvideoofmeshootingteamusaarchery_shoot_bow_f_nm_np1_ri_med_5.png,4
Updatedvideoofmeshootingteamusaarchery_shoot_bow_u_cm_np1_ba_med_6.png,4
Updatedvideoofmeshootingteamusaarchery_shoot_bow_u_cm_np1_ri_med_4.png,4
Updatedvideoofmeshootingteamusaarchery_shoot_bow_u_nm_np1_ba_med_2.png,4
Updatedvideoofmeshootingteamusaarchery_shoot_bow_u_nm_np1_ba_med_7.png,4
Updatedvideoofmeshootingteamusaarchery_shoot_bow_u_nm_np1_fr_med_3.png,4
Updatedvideoofmeshootingteamusaarchery_shoot_bow_u_nm_np1_fr_med_8.png,4
Updatedvideoofmeshootingteamusaarchery_shoot_bow_u_nm_np1_fr_med_9.png,4
techniquefrontshot_shoot_bow_u_cm_np1_fr_med_0.png,4
310ToYuma_drink_h_cm_np1_le_goo_3.png,9
310ToYuma_drink_h_nm_np1_fr_goo_2.png,9
310ToYuma_drink_u_nm_np1_le_goo_5.png,9
A_Beautiful_Mind_1_drink_u_cm_np1_fr_goo_4.png,9
A_Beautiful_Mind_1_drink_u_nm_np1_ri_goo_6.png,9
AllThePresidentMen_drink_f_nm_np2_ri_med_2.png,9
AllThePresidentMen_drink_h_nm_np1_fr_goo_5.png,9
AmericanGangster_drink_h_nm_np1_fr_goo_17.png,9
AmericanGangster_drink_h_nm_np1_fr_goo_69.png,9
AmericanGangster_drink_h_nm_np1_fr_med_28.png,9
AmericanGangster_drink_h_nm_np1_ri_bad_4.png,9
AmericanGangster_drink_h_nm_np1_ri_med_3.png,9
AmericanGangster_drink_u_cm_np1_fr_med_52.png,9
AmericanGangster_drink_u_nm_np1_fr_goo_44.png,9
AmericanGangster_drink_u_nm_np1_fr_goo_67.png,9
AmericanGangster_drink_u_nm_np1_fr_med_39.png,9
AmericanGangster_drink_u_nm_np1_le_goo_46.png,9
BATMAN_BEGINS_drink_h_nm_np1_fr_goo_13.png,9
BATMAN_BEGINS_drink_u_nm_np1_fr_goo_12.png,9
BLACK_HAWK_DOWN_drink_h_nm_np1_fr_goo_39.png,9
BLACK_HAWK_DOWN_drink_u_nm_np1_fr_goo_38.png,9
CharlieAndTheChocolateFactory_drink_h_nm_np1_fr_goo_25.png,9
ChildrenOfMen_drink_u_nm_np1_fr_goo_0.png,9
EasternPromises_drink_u_nm_np1_ri_goo_0.png,9
GoneBabyGone_drink_h_cm_np1_fr_goo_1.png,9
GoneBabyGone_drink_u_cm_np1_le_med_2.png,9
Hitch_Part_2_drink_h_nm_np1_le_goo_5.png,9
IamLegend_drink_h_nm_np1_fr_goo_22.png,9
Italian_Job_4_drink_u_nm_np1_fr_goo_0.png,9
Juno_drink_h_nm_np1_fr_goo_0.png,9
LONGESTYARD_drink_u_cm_np1_fr_goo_1.png,9
LONGESTYARD_drink_u_cm_np1_fr_med_20.png,9
LittleChildren_drink_h_nm_np1_fr_goo_6.png,9
MeettheParents_drink_u_nm_np1_fr_goo_4.png,9
OldSchool_drink_h_nm_np1_fr_goo_4.png,9
OldSchool_drink_u_nm_np1_fr_goo_12.png,9
Pirates_1_drink_u_nm_np1_fr_goo_0.png,9
RATRACE_drink_h_nm_np1_fr_goo_0.png,9
RATRACE_drink_h_nm_np1_fr_goo_11.png,9
RATRACE_drink_u_nm_np1_ri_goo_5.png,9
RATRACE_drink_u_nm_np1_ri_med_19.png,9
RETURN_OF_THE_KING_drink_f_nm_np1_fr_med_9.png,9
RETURN_OF_THE_KING_drink_h_nm_np1_ri_goo_13.png,9
RETURN_OF_THE_KING_drink_h_nm_np1_ri_goo_47.png,9
RETURN_OF_THE_KING_drink_u_cm_np2_fr_goo_2.png,9
Return_of_the_King_2_drink_h_nm_np1_fr_goo_2.png,9
Return_of_the_King_2_drink_h_nm_np1_fr_goo_3.png,9
Return_of_the_King_2_drink_h_nm_np1_fr_goo_5.png,9
Return_of_the_King_5_drink_h_nm_np1_ri_goo_0.png,9
Shadow_of_a_Doubt_drink_h_nm_np1_fr_goo_8.png,9
SocialSeminarChanging_drink_h_cm_np1_fr_med_0.png,9
SocialSeminarTom_drink_h_nm_np1_fr_goo_0.png,9
SweeneyTodd_drink_u_cm_np1_le_med_22.png,9
SweeneyTodd_drink_u_nm_np1_fr_goo_26.png,9
TheBoondockSaints_drink_h_nm_np1_ri_med_16.png,9
TheBoondockSaints_drink_u_nm_np1_fr_med_80.png,9
TheBoondockSaints_drink_u_nm_np2_fr_goo_99.png,9
TheLastManOnearth_drink_f_cm_np1_ri_med_12.png,9
TheLastManOnearth_drink_u_nm_np1_fr_goo_7.png,9
TheLastManOnearth_drink_u_nm_np1_fr_med_34.png,9
ThePerfectScore_drink_u_cm_np1_fr_goo_5.png,9
TheRoyalTenenbaums_drink_u_nm_np1_le_goo_1.png,9
The_Departed_-_Part_1_drink_u_nm_np1_fr_goo_7.png,9
The_House_on_Haunted_Hill_drink_h_nm_np1_fr_goo_1.png,9
The_House_on_Haunted_Hill_drink_h_nm_np1_fr_goo_3.png,9
TrumanShow_drink_h_nm_np1_ri_goo_22.png,9
Veoh_Alpha_Dog_1_drink_h_nm_np1_fr_goo_61.png,9
Veoh_Alpha_Dog_1_drink_u_nm_np1_fr_goo_40.png,9
Veoh_Alpha_Dog_2_drink_u_nm_np1_fr_goo_5.png,9
WeddingCrashers_drink_h_cm_np1_le_goo_5.png,9
(HQ)_Rock_Climbing_-_Free_Solo_Speed_Climb_-_Dan_Osman_climb_f_cm_np1_ba_med_0.png,0
(HQ)_Rock_Climbing_-_Free_Solo_Speed_Climb_-_Dan_Osman_climb_f_cm_np1_fr_med_4.png,0
(HQ)_Rock_Climbing_-_Free_Solo_Speed_Climb_-_Dan_Osman_climb_f_cm_np1_fr_med_5.png,0
(HQ)_Rock_Climbing_-_Free_Solo_Speed_Climb_-_Dan_Osman_climb_f_cm_np1_le_med_1.png,0
(HQ)_Rock_Climbing_-_Free_Solo_Speed_Climb_-_Dan_Osman_climb_f_cm_np1_le_med_2.png,0
(HQ)_Rock_Climbing_-_Free_Solo_Speed_Climb_-_Dan_Osman_climb_f_cm_np1_le_med_3.png,0
Alban_Hayoz_solo_climb_(klettern)_climb_f_cm_np1_ba_med_0.png,0
Alban_Hayoz_solo_climb_(klettern)_climb_f_cm_np1_ba_med_2.png,0
Alban_Hayoz_solo_climb_(klettern)_climb_f_nm_np1_ba_med_1.png,0
Axel_beim_Klettern_an_der_Unisportwand_climb_f_cm_np1_ba_med_2.png,0
Axel_beim_Klettern_an_der_Unisportwand_climb_f_cm_np1_ba_med_3.png,0
Axel_beim_Klettern_an_der_Unisportwand_climb_f_cm_np2_ba_med_0.png,0
Axel_beim_Klettern_an_der_Unisportwand_climb_f_cm_np2_ba_med_1.png,0
Bristol_UCR_roof_climb_climb_f_cm_np1_ba_bad_0.png,0
Bristol_UCR_roof_climb_climb_f_cm_np1_ba_bad_2.png,0
Climbing_Wall_Adventure_climb_f_cm_np1_ba_med_1.png,0
Climbing_Wall_Adventure_climb_f_cm_np1_le_med_0.png,0
Climbing_Wall_Traverse_climb_f_cm_np1_ba_med_0.png,0
Climbing_roof_in_TCA_climb_f_cm_np1_ba_med_0.png,0
Climbing_roof_in_TCA_climb_f_cm_np1_ba_med_2.png,0
Climbing_the_World_s_Tallest_Tree_climb_f_cm_np1_ba_med_0.png,0
DM_Sportklettern_2006-_Finale_Herren_-_Markus_Hoppe_climb_f_cm_np1_ri_med_0.png,0
DM_Sportklettern_2006-_Finale_Herren_-_Markus_Hoppe_climb_f_cm_np1_ri_med_1.png,0
DM_Sportklettern_2006-_Qualifikation_-_Andreas_Bindhammer_climb_f_cm_np1_ba_med_1.png,0
DM_Sportklettern_2006-_Qualifikation_-_Andreas_Bindhammer_climb_f_cm_np1_ba_med_2.png,0
DM_Sportklettern_2006-_Video_Qualifikation_-_Julia_Winter_climb_f_cm_np1_ba_med_0.png,0
DM_Sportklettern_2006-_Video_Qualifikation_-_Julia_Winter_climb_f_cm_np1_ba_med_1.png,0
DM_Sportklettern_2006-_Video_Qualifikation_-_Julia_Winter_climb_f_cm_np1_ba_med_2.png,0
Dan_Osman_-_Speed_rock_climbing_climb_f_cm_np1_ba_bad_0.png,0
Dan_Osman_-_Speed_rock_climbing_climb_f_cm_np1_ba_bad_1.png,0
Dan_Osman_-_Speed_rock_climbing_climb_f_cm_np1_fr_bad_5.png,0
Dan_Osman_-_Speed_rock_climbing_climb_f_cm_np1_le_bad_3.png,0
Dan_Osman_-_Speed_rock_climbing_climb_f_cm_np1_le_bad_4.png,0
Janini_an_der_Kletterwand_climb_f_cm_np1_ba_med_0.png,0
Janini_an_der_Kletterwand_climb_f_cm_np1_ba_med_1.png,0
Janini_an_der_Kletterwand_climb_f_cm_np1_ba_med_2.png,0
Jez__roof_climbing_in_Mile_End_climb_f_cm_np1_ba_med_0.png,0
Jez__roof_climbing_in_Mile_End_climb_f_cm_np1_ba_med_1.png,0
Jez__roof_climbing_in_Mile_End_climb_f_cm_np1_ba_med_2.png,0
Julius_Haushammer___Klettern_und_Bouldern___1979_climb_f_cm_np1_ba_med_0.png,0
Julius_Haushammer___Klettern_und_Bouldern___1979_climb_f_cm_np1_ba_med_1.png,0
Julius_Haushammer___Klettern_und_Bouldern___1979_climb_f_cm_np1_ba_med_2.png,0
Klettern_by_Kurt_Hackner_climb_f_cm_np1_ba_med_0.png,0
Klettern_by_Kurt_Hackner_climb_f_cm_np1_ba_med_2.png,0
Klettern_by_Kurt_Hackner_climb_f_cm_np1_le_med_1.png,0
Kletterwand_climb_f_cm_np1_ba_goo_0.png,0
Kletterwand_climb_f_cm_np1_ba_goo_1.png,0
Kletterwand_climb_f_cm_np1_ba_goo_2.png,0
Lead_Climbing_Roof_at_Stoneworks_climb_f_cm_np1_ba_med_1.png,0
Mexican_Climbing_Fence_climb_f_cm_np1_ba_med_0.png,0
Mexican_Climbing_Fence_climb_f_cm_np1_ba_med_1.png,0
Mexican_Climbing_Fence_climb_f_cm_np1_ba_med_2.png,0
Pole_climbing_World_Championships_climb_f_cm_np1_le_med_3.png,0
Pole_climbing_World_Championships_climb_f_nm_np1_ba_goo_0.png,0
Pole_climbing_World_Championships_climb_f_nm_np1_ba_med_1.png,0
Pole_climbing_World_Championships_climb_f_nm_np1_le_goo_2.png,0
Return_of_the_King_4_climb_f_cm_np1_ba_med_3.png,0
Rock_Climbing_Nationals_08_Emily_Harrington_and_Lauren_Lee_climb_f_cm_np1_ba_med_0.png,0
Rock_Climbing_Nationals_08_Emily_Harrington_and_Lauren_Lee_climb_f_cm_np1_ba_med_1.png,0
Rock_Climbing_Nationals_08_Emily_Harrington_and_Lauren_Lee_climb_f_cm_np1_ba_med_3.png,0
SafeInPort_climb_f_nm_np1_ba_med_0.png,0
Sarah_und_die_Kletterwand_climb_f_cm_np1_ri_bad_0.png,0
Sarah_und_die_Kletterwand_climb_f_cm_np1_ri_bad_1.png,0
Sarah_und_die_Kletterwand_climb_f_cm_np1_ri_bad_2.png,0
The_Fugitive_5_climb_f_cm_np1_ri_med_8.png,0
megan_roof_climbing_climb_f_cm_np1_ri_goo_0.png,0
megan_roof_climbing_climb_f_cm_np1_ri_goo_1.png,0
rope_climbing_climb_f_nm_np1_ba_med_1.png,0
rope_climbing_climb_f_nm_np1_fr_med_0.png,0
speed_rope_climbing_competition_climb_f_cm_np1_ri_med_0.png,0
#437_How_To_Ride_A_Bike_ride_bike_f_cm_np1_ba_med_0.png,10
#437_How_To_Ride_A_Bike_ride_bike_f_cm_np1_ba_med_1.png,10
#437_How_To_Ride_A_Bike_ride_bike_f_cm_np1_ba_med_3.png,10
#437_How_To_Ride_A_Bike_ride_bike_f_cm_np1_fr_med_2.png,10
1989_Tour_de_France_Final_Time_Trial_ride_bike_f_cm_np1_ba_med_0.png,10
1989_Tour_de_France_Final_Time_Trial_ride_bike_f_cm_np1_ba_med_1.png,10
1989_Tour_de_France_Final_Time_Trial_ride_bike_f_cm_np1_ba_med_2.png,10
1989_Tour_de_France_Final_Time_Trial_ride_bike_f_cm_np1_fr_med_6.png,10
1989_Tour_de_France_Final_Time_Trial_ride_bike_f_cm_np1_fr_med_7.png,10
1989_Tour_de_France_Final_Time_Trial_ride_bike_f_cm_np1_le_med_4.png,10
1989_Tour_de_France_Final_Time_Trial_ride_bike_f_cm_np1_ri_med_3.png,10
1989_Tour_de_France_Final_Time_Trial_ride_bike_f_cm_np1_ri_med_5.png,10
1996_Tour_de_France_-_Indurain_Cracks_ride_bike_f_cm_np1_ba_med_1.png,10
1996_Tour_de_France_-_Indurain_Cracks_ride_bike_f_cm_np1_le_med_0.png,10
1996_Tour_de_France_-_Indurain_Cracks_ride_bike_f_cm_np1_ri_med_2.png,10
1996_Tour_de_France_-_Indurain_Cracks_ride_bike_f_cm_np1_ri_med_3.png,10
1996_Tour_de_France_-_Indurain_Cracks_ride_bike_f_cm_np1_ri_med_4.png,10
Bicycle_Tips_ride_bike_f_cm_np1_ba_med_1.png,10
Bicycle_Tips_ride_bike_f_cm_np1_le_med_0.png,10
Bicycle_Tips_ride_bike_f_cm_np1_ri_med_2.png,10
CSC_and_the_2007__Sydney_to_the_Gong__bike_ride_ride_bike_f_cm_np1_ri_med_0.png,10
CSC_and_the_2007__Sydney_to_the_Gong__bike_ride_ride_bike_f_cm_np1_ri_med_1.png,10
CSC_and_the_2007__Sydney_to_the_Gong__bike_ride_ride_bike_f_cm_np1_ri_med_2.png,10
David_beim_Fahrrad_fahren_X_x_ride_bike_f_cm_np1_ba_med_2.png,10
David_beim_Fahrrad_fahren_X_x_ride_bike_f_cm_np1_fr_med_3.png,10
David_beim_Fahrrad_fahren_X_x_ride_bike_f_cm_np1_le_med_0.png,10
David_beim_Fahrrad_fahren_X_x_ride_bike_f_cm_np1_ri_med_1.png,10
David_beim_Fahrrad_fahren_X_x_ride_bike_f_cm_np1_ri_med_4.png,10
Fahrrad_Eigenbau_ride_bike_f_cm_np1_le_med_1.png,10
Fahrrad_Eigenbau_ride_bike_f_cm_np1_ri_med_0.png,10
Fahrrad_fahren_ride_bike_f_cm_np2_le_med_0.png,10
Fahrrad_fahren_ride_bike_f_cm_np2_le_med_1.png,10
Fahrrad_fahren_ride_bike_f_cm_np2_le_med_2.png,10
Fahrrad_ride_bike_f_cm_np1_le_med_0.png,10
Finding_Forrester_4_ride_bike_f_cm_np1_fr_bad_5.png,10
Finding_Forrester_5_ride_bike_f_cm_np1_fr_bad_1.png,10
Finding_Forrester_5_ride_bike_f_cm_np1_fr_med_0.png,10
I_want_to_ride_my_bicycle_ride_bike_f_cm_np1_le_med_0.png,10
Justin_lernt_Fahrrad_fahren_ride_bike_f_cm_np1_ri_med_1.png,10
Justin_lernt_Fahrrad_fahren_ride_bike_f_cm_np1_ri_med_2.png,10
Kraftwerk_-_Tour_de_france_1983_Alternative_video_ride_bike_f_cm_np1_le_med_1.png,10
Kraftwerk_-_Tour_de_france_1983_Alternative_video_ride_bike_f_cm_np1_le_med_6.png,10
Kraftwerk_-_Tour_de_france_1983_Alternative_video_ride_bike_f_cm_np1_le_med_7.png,10
Kraftwerk_-_Tour_de_france_1983_Alternative_video_ride_bike_f_cm_np4_fr_med_0.png,10
Kraftwerk_-_Tour_de_france_1983_Alternative_video_ride_bike_f_cm_np4_fr_med_2.png,10
Kraftwerk_-_Tour_de_france_1983_Alternative_video_ride_bike_f_cm_np4_fr_med_5.png,10
Kraftwerk_-_Tour_de_france_1983_Alternative_video_ride_bike_f_nm_np1_fr_med_8.png,10
Kraftwerk_-_Tour_de_france_1983_Alternative_video_ride_bike_l_cm_np1_le_med_3.png,10
Kraftwerk_-_Tour_de_france_1983_Alternative_video_ride_bike_l_cm_np1_le_med_4.png,10
Radfahren_um_die_Aggertalsperre_06_09_2009_ride_bike_f_cm_np1_ba_med_12.png,10
Radfahren_um_die_Aggertalsperre_06_09_2009_ride_bike_f_cm_np1_ba_med_13.png,10
Radfahren_um_die_Aggertalsperre_06_09_2009_ride_bike_f_cm_np1_ba_med_7.png,10
Radfahren_um_die_Aggertalsperre_06_09_2009_ride_bike_f_cm_np1_fr_med_10.png,10
Radfahren_um_die_Aggertalsperre_06_09_2009_ride_bike_f_cm_np1_le_bad_4.png,10
Radfahren_um_die_Aggertalsperre_06_09_2009_ride_bike_f_cm_np1_le_med_3.png,10
Radfahren_um_die_Aggertalsperre_06_09_2009_ride_bike_f_cm_np1_le_med_5.png,10
Radfahren_um_die_Aggertalsperre_06_09_2009_ride_bike_f_cm_np2_ba_med_11.png,10
Radfahren_um_die_Aggertalsperre_06_09_2009_ride_bike_f_cm_np2_fr_med_15.png,10
Radfahren_um_die_Aggertalsperre_06_09_2009_ride_bike_f_cm_np2_le_med_14.png,10
Radfahren_um_die_Aggertalsperre_06_09_2009_ride_bike_f_cm_np2_le_med_16.png,10
Radfahren_um_die_Aggertalsperre_06_09_2009_ride_bike_f_cm_np2_le_med_2.png,10
Radfahren_um_die_Aggertalsperre_06_09_2009_ride_bike_f_cm_np2_ri_med_0.png,10
Radfahren_um_die_Aggertalsperre_06_09_2009_ride_bike_f_cm_np2_ri_med_6.png,10
Radfahren_um_die_Aggertalsperre_06_09_2009_ride_bike_l_cm_np1_ba_med_8.png,10
Radfahren_um_die_Aggertalsperre_06_09_2009_ride_bike_l_cm_np1_ba_med_9.png,10
Tour_de_France_2003_-_Armstrong_attacks_Ullrich_after_Fall_ride_bike_f_cm_np1_ba_med_2.png,10
Tour_de_France_2003_-_Armstrong_attacks_Ullrich_after_Fall_ride_bike_f_cm_np1_ba_med_3.png,10
Tour_de_France_2003_-_Armstrong_attacks_Ullrich_after_Fall_ride_bike_f_cm_np1_ba_med_4.png,10
Tour_de_France_2003_-_Armstrong_attacks_Ullrich_after_Fall_ride_bike_f_cm_np2_fr_med_0.png,10
Tour_de_France_2003_-_Armstrong_attacks_Ullrich_after_Fall_ride_bike_f_cm_np2_fr_med_1.png,10
