ALeapToFreedom_ride_horse_f_cm_np1_le_med_2.avi,7
ALeapToFreedom_ride_horse_f_cm_np1_ri_med_3.avi,7
ALeapToFreedom_ride_horse_f_nm_np1_ri_med_0.avi,7
ALeapToFreedom_ride_horse_f_nm_np1_ri_med_4.avi,7
Alifestyle_ride_horse_f_cm_np1_fr_med_4.avi,7
Alifestyle_ride_horse_f_cm_np1_le_med_0.avi,7
Alifestyle_ride_horse_f_cm_np1_le_med_2.avi,7
Alifestyle_ride_horse_f_cm_np1_le_med_5.avi,7
Alifestyle_ride_horse_f_cm_np1_ri_med_1.avi,7
Alifestyle_ride_horse_f_cm_np1_ri_med_3.avi,7
Alifestyle_ride_horse_f_cm_np1_ri_med_6.avi,7
BackBreakingFun_ride_horse_f_cm_np1_ba_med_1.avi,7
BackBreakingFun_ride_horse_f_cm_np1_le_med_0.avi,7
BackBreakingFun_ride_horse_f_cm_np1_le_med_2.avi,7
Caspar_ride_horse_f_cm_np1_le_med_5.avi,7
Caspar_ride_horse_f_cm_np1_ri_med_0.avi,7
Caspar_ride_horse_f_cm_np1_ri_med_1.avi,7
Caspar_ride_horse_f_cm_np1_ri_med_2.avi,7
Caspar_ride_horse_f_cm_np1_ri_med_3.avi,7
Caspar_ride_horse_f_cm_np1_ri_med_4.avi,7
ChampagneRunattheParkHT_ride_horse_f_cm_np1_fr_med_0.avi,7
ChampagneRunattheParkHT_ride_horse_f_cm_np1_ri_med_1.avi,7
ChelseaLately-Chelsea_ride_horse_f_cm_np1_le_med_3.avi,7
ChelseaLately-Chelsea_ride_horse_f_cm_np1_le_med_5.avi,7
ChelseaLately-Chelsea_ride_horse_f_cm_np1_le_med_6.avi,7
ChelseaLately-Chelsea_ride_horse_f_cm_np1_le_med_7.avi,7
ChelseaLately-Chelsea_ride_horse_f_cm_np1_le_med_8.avi,7
ChelseaLately-Chelsea_ride_horse_u_cm_np1_fr_med_2.avi,7
ChelseaLately-Chelsea_ride_horse_u_cm_np1_ri_med_0.avi,7
ChelseaLately-Chelsea_ride_horse_u_nm_np1_ba_med_1.avi,7
ChikiMovie_ride_horse_f_cm_np1_fr_med_0.avi,7
ChikiMovie_ride_horse_f_cm_np1_fr_med_1.avi,7
ChikiMovie_ride_horse_f_cm_np1_le_med_4.avi,7
ChikiMovie_ride_horse_f_cm_np1_le_med_5.avi,7
ChikiMovie_ride_horse_f_cm_np1_le_med_6.avi,7
ChikiMovie_ride_horse_f_cm_np1_le_med_8.avi,7
ChikiMovie_ride_horse_f_cm_np1_ri_med_2.avi,7
ChikiMovie_ride_horse_f_cm_np1_ri_med_3.avi,7
ChikiMovie_ride_horse_f_cm_np1_ri_med_7.avi,7
Fellowship_2_ride_horse_f_cm_np1_le_med_4.avi,7
Fellowship_2_ride_horse_u_cm_np1_fr_bad_1.avi,7
Fellowship_4_ride_horse_f_cm_np1_le_med_2.avi,7
Fellowship_4_ride_horse_u_cm_np1_fr_med_1.avi,7
Mylifehorseriding_ride_horse_f_cm_np1_ba_med_2.avi,7
Mylifehorseriding_ride_horse_f_cm_np1_fr_med_3.avi,7
Mylifehorseriding_ride_horse_f_cm_np1_le_med_4.avi,7
Mylifehorseriding_ride_horse_f_cm_np1_le_med_6.avi,7
Mylifehorseriding_ride_horse_f_cm_np1_ri_med_0.avi,7
Mylifehorseriding_ride_horse_f_cm_np1_ri_med_1.avi,7
Mylifehorseriding_ride_horse_f_nm_np1_fr_med_5.avi,7
Paula_sHorsebackRidingLesson!7_22_08_ride_horse_f_cm_np1_ba_med_0.avi,7
Paula_sHorsebackRidingLesson!7_22_08_ride_horse_f_cm_np1_ba_med_1.avi,7
Paula_sHorsebackRidingLesson!7_22_08_ride_horse_f_cm_np1_ba_med_6.avi,7
Paula_sHorsebackRidingLesson!7_22_08_ride_horse_f_cm_np1_fr_med_4.avi,7
Paula_sHorsebackRidingLesson!7_22_08_ride_horse_f_cm_np1_le_med_2.avi,7
Paula_sHorsebackRidingLesson!7_22_08_ride_horse_f_cm_np1_ri_med_3.avi,7
Paula_sHorsebackRidingLesson!7_22_08_ride_horse_f_cm_np1_ri_med_5.avi,7
Paula_sHorsebackRidingLesson!7_22_08_ride_horse_f_cm_np1_ri_med_7.avi,7
Paula_sHorsebackRidingLesson!7_22_08_ride_horse_f_cm_np1_ri_med_8.avi,7
Return_of_the_King_11_ride_horse_f_cm_np4_ba_med_4.avi,7
Return_of_the_King_1_ride_horse_f_cm_np2_fr_med_2.avi,7
Return_of_the_King_3_ride_horse_f_cm_np1_le_bad_1.avi,7
Return_of_the_King_4_ride_horse_f_cm_np1_ba_bad_8.avi,7
Return_of_the_King_9_ride_horse_f_cm_np1_fr_med_4.avi,7
Return_of_the_King_9_ride_horse_f_cm_np1_ri_med_2.avi,7
Two_Towers_2_ride_horse_f_cm_np3_ba_med_0.avi,7
Two_Towers_3_ride_horse_f_cm_np3_ba_bad_0.avi,7
Two_Towers_7_ride_horse_f_cm_np5_fr_med_1.avi,7
darksideofhorseracing_ride_horse_f_cm_np1_fr_med_1.avi,7
darksideofhorseracing_ride_horse_f_cm_np4_ri_med_0.avi,7
#20_Rhythm_clap_u_nm_np1_fr_goo_0.avi,3
#20_Rhythm_clap_u_nm_np1_fr_goo_1.avi,3
#20_Rhythm_clap_u_nm_np1_fr_goo_2.avi,3
#20_Rhythm_clap_u_nm_np1_le_goo_3.avi,3
#20_Rhythm_clap_u_nm_np1_le_goo_4.avi,3
A_Round_of_Applause_clap_u_cm_np1_fr_med_0.avi,3
A_Round_of_Applause_clap_u_cm_np1_fr_med_1.avi,3
Applauding_Abby_clap_u_nm_np1_fr_med_0.avi,3
Applauding_Abby_clap_u_nm_np1_fr_med_1.avi,3
Baby_Bob_kann_klatschen_!_clap_u_cm_np1_fr_med_0.avi,3
Baby_Bob_kann_klatschen_!_clap_u_cm_np1_fr_med_1.avi,3
Baby_Bob_kann_klatschen_!_clap_u_cm_np1_fr_med_2.avi,3
Boom_Snap_Clap_clap_u_nm_np1_fr_med_0.avi,3
Boom_Snap_Clap_clap_u_nm_np1_fr_med_1.avi,3
Boom__Snap__Clap!_(Challenge)_clap_u_nm_np1_fr_med_1.avi,3
Budam_-_Clap_Hands_clap_u_nm_np1_fr_med_0.avi,3
Budam_-_Clap_Hands_clap_u_nm_np1_fr_med_1.avi,3
Budam_-_Clap_Hands_clap_u_nm_np1_fr_med_2.avi,3
Clap_Hands_clap_u_nm_np1_fr_med_0.avi,3
Clap_Hands_clap_u_nm_np1_fr_med_1.avi,3
Clap_Hands_clap_u_nm_np1_fr_med_2.avi,3
Deutscher_Klatsch_-_The_Clap_-_Lexy_clap_f_cm_np1_fr_med_5.avi,3
Deutscher_Klatsch_-_The_Clap_-_Lexy_clap_f_cm_np2_ba_med_2.avi,3
Deutscher_Klatsch_-_The_Clap_-_Lexy_clap_f_cm_np2_ba_med_3.avi,3
Deutscher_Klatsch_-_The_Clap_-_Lexy_clap_f_cm_np3_fr_med_4.avi,3
Deutscher_Klatsch_-_The_Clap_-_Lexy_clap_f_cm_np3_fr_med_8.avi,3
Deutscher_Klatsch_-_The_Clap_-_Lexy_clap_f_cm_np3_fr_med_9.avi,3
Deutscher_Klatsch_-_The_Clap_-_Lexy_clap_u_cm_np1_fr_med_1.avi,3
Faith_Rewarded_clap_u_cm_np1_fr_med_43.avi,3
Faith_Rewarded_clap_u_cm_np1_le_med_0.avi,3
Faith_Rewarded_clap_u_cm_np1_ri_goo_1.avi,3
Faith_Rewarded_clap_u_nm_np1_fr_goo_87.avi,3
Flamenco_Dance_Steps_-_Flamenco_Dance_Soft_Claps_clap_u_cm_np1_fr_goo_0.avi,3
Flamenco_Dance_Steps_-_Flamenco_Dance_Soft_Claps_clap_u_cm_np1_fr_goo_1.avi,3
Flamenco_Dance_Steps_-_Flamenco_Dance_Soft_Claps_clap_u_cm_np1_fr_goo_2.avi,3
Glory_clap_h_nm_np1_fr_med_52.avi,3
Glory_clap_u_nm_np2_fr_goo_51.avi,3
Hand_Clapping_Game__Bim_Bum__clap_f_nm_np2_fr_med_0.avi,3
Hand_Clapping_Game__Bim_Bum__clap_f_nm_np2_fr_med_1.avi,3
Kurt_Kr_mer_-_Klatschen_im_Flugzeug_clap_f_nm_np1_fr_med_0.avi,3
Kurt_Kr_mer_-_Klatschen_im_Flugzeug_clap_u_cm_np1_fr_med_1.avi,3
Kurt_Kr_mer_-_Klatschen_im_Flugzeug_clap_u_cm_np1_ri_bad_3.avi,3
Kurt_Kr_mer_-_Klatschen_im_Flugzeug_clap_u_cm_np1_ri_bad_4.avi,3
My_Lil__Man_clapping_his_Hands_clap_u_nm_np1_fr_goo_0.avi,3
My_Lil__Man_clapping_his_Hands_clap_u_nm_np1_fr_med_1.avi,3
NotAnotherTeenMovieslowclap_clap_u_cm_np1_fr_med_1.avi,3
NotAnotherTeenMovieslowclap_clap_u_cm_np5_fr_med_3.avi,3
NotAnotherTeenMovieslowclap_clap_u_nm_np1_fr_med_0.avi,3
RE-_Boom_Snap_Clap_clap_u_nm_np1_fr_med_0.avi,3
RE-_Boom_Snap_Clap_clap_u_nm_np1_fr_med_1.avi,3
Ronin_Paintball_Club_-_MY-NPL_2009_Malacca_Prize_Giving_Ceremony_Part_2_clap_u_cm_np1_ba_med_0.avi,3
SnakesonaPlaneSlowClap_clap_u_cm_np2_fr_med_0.avi,3
Song_I_Can_Wave_My_Hands_-_Cullen_s_Abc_s_clap_u_cm_np1_fr_med_3.avi,3
Song_I_Can_Wave_My_Hands_-_Cullen_s_Abc_s_clap_u_cm_np1_fr_med_4.avi,3
Veoh_Alpha_Dog_1_clap_u_nm_np1_fr_goo_62.avi,3
Wendy_playing_wii_fit_with_clapping_hands_clap_f_cm_np1_le_med_0.avi,3
_Boom_Snap_Clap__challenge_clap_u_nm_np1_fr_med_0.avi,3
_Boom_Snap_Clap__challenge_clap_u_nm_np1_fr_med_1.avi,3
boom-snap-clap_clap_u_nm_np1_fr_med_0.avi,3
boom-snap-clap_clap_u_nm_np1_fr_med_1.avi,3
boom-snap-clap_clap_u_nm_np1_fr_med_2.avi,3
boom-snap-clap_clap_u_nm_np1_fr_med_3.avi,3
boom_snap_clap_(challenge)_HARDCORE_VERSION!_clap_u_nm_np1_fr_bad_0.avi,3
boom_snap_clap_(challenge)_HARDCORE_VERSION!_clap_u_nm_np1_fr_bad_1.avi,3
boom_snap_clap_(challenge)_clap_u_nm_np1_fr_med_0.avi,3
boom_snap_clap_(challenge)_clap_u_nm_np1_fr_med_1.avi,3
boomsnapclap!_clap_u_nm_np1_fr_med_0.avi,3
boomsnapclap!_clap_u_nm_np1_fr_med_1.avi,3
boomsnapclap!_clap_u_nm_np1_fr_med_2.avi,3
slowclap_clap_u_nm_np1_fr_goo_0.avi,3
Bar_Basics_-_How_to_Pour_Liquor_Accurately_by_Counting_pour_u_cm_np1_fr_med_0.avi,6
Bar_Basics_-_How_to_Pour_Liquor_Accurately_by_Counting_pour_u_cm_np1_fr_med_1.avi,6
Bar_Basics_-_How_to_Pour_Liquor_Accurately_by_Counting_pour_u_cm_np1_fr_med_2.avi,6
Bartender_School_Students_Practice_pour_u_cm_np1_fr_med_1.avi,6
Bartender_School_Students_Practice_pour_u_cm_np1_fr_med_3.avi,6
Bartender_School_Students_Practice_pour_u_cm_np6_le_med_0.avi,6
Bayerisch_leben-_Weissbier_richtig_eingeschenkt_pour_u_nm_np1_fr_med_0.avi,6
Become_a_Professional_Bartender_pour_u_cm_np1_fr_med_0.avi,6
Become_a_Professional_Bartender_pour_u_cm_np1_fr_med_1.avi,6
Become_a_Professional_Bartender_pour_u_cm_np1_fr_med_2.avi,6
Bier_richtig_einschenken_pour_u_cm_np1_fr_med_0.avi,6
Bier_richtig_einschenken_pour_u_cm_np1_fr_med_1.avi,6
Bottoms_Up_-_Bartending_Lesson__The_Margarita!_pour_u_nm_np1_fr_goo_0.avi,6
Bottoms_Up_-_Bartending_Lesson__The_Margarita!_pour_u_nm_np1_fr_goo_2.avi,6
Cachaca_cocktails_pour_u_nm_np1_fr_med_0.avi,6
Cachaca_cocktails_pour_u_nm_np1_fr_med_1.avi,6
Cachaca_cocktails_pour_u_nm_np1_fr_med_2.avi,6
Cocktail_Pouring_pour_u_nm_np2_ri_med_0.avi,6
Drink_#18_-_Apple_martini_pour_u_nm_np1_fr_goo_0.avi,6
Drink_#18_-_Apple_martini_pour_u_nm_np1_fr_goo_1.avi,6
Drink_#18_-_Apple_martini_pour_u_nm_np1_fr_goo_2.avi,6
Gaiwan_tea_ceremony_pour_u_cm_np1_fr_med_0.avi,6
Gaiwan_tea_ceremony_pour_u_cm_np1_fr_med_2.avi,6
How_To_Pour_Ice_Tea_pour_u_nm_np1_fr_med_0.avi,6
How_To_Pour_Ice_Tea_pour_u_nm_np1_fr_med_1.avi,6
How_To_Pour_Ice_Tea_pour_u_nm_np1_fr_med_2.avi,6
How_To_Pour_a_Franziskaner_pour_u_cm_np1_fr_med_0.avi,6
How_To_Pour_a_Franziskaner_pour_u_cm_np1_fr_med_1.avi,6
How_to_Build_a_Cocktail_pour_u_nm_np1_fr_med_0.avi,6
How_to_Build_a_Cocktail_pour_u_nm_np1_fr_med_2.avi,6
How_to_pour_beer_pour_u_nm_np1_fr_goo_0.avi,6
How_to_pour_wine_Bar_Basics_5_Bartending_tips_-_Rockstar_Bartender_pour_u_nm_np1_fr_med_0.avi,6
Intro_to_Bartending_-_Lesson_2-Highball_Drinks_pour_u_nm_np1_ri_med_0.avi,6
Intro_to_Bartending_-_Lesson_2-Highball_Drinks_pour_u_nm_np1_ri_med_1.avi,6
Intro_to_Bartending_-_Lesson_2-Highball_Drinks_pour_u_nm_np1_ri_med_2.avi,6
Kamikaze_Martini_Coctail_pour_u_nm_np1_fr_med_0.avi,6
Kamikaze_Martini_Coctail_pour_u_nm_np1_fr_med_1.avi,6
Kamikaze_Martini_Coctail_pour_u_nm_np1_fr_med_2.avi,6
Katie_teaching_how_to_pour_wine_pour_u_cm_np1_fr_med_0.avi,6
Mixing_Popular_Rum_Drinks_-_Making_a_Flaming_Zombie_Cocktail_pour_u_nm_np1_fr_goo_0.avi,6
Mixing_Popular_Rum_Drinks_-_Making_a_Flaming_Zombie_Cocktail_pour_u_nm_np1_fr_goo_1.avi,6
Mixing_Popular_Rum_Drinks_-_Making_a_Flaming_Zombie_Cocktail_pour_u_nm_np1_fr_goo_2.avi,6
New_Orleans__best_cocktails-_Hot_Buttered_Rum_pour_u_nm_np1_fr_med_0.avi,6
New_Orleans__best_cocktails-_Hot_Buttered_Rum_pour_u_nm_np1_fr_med_1.avi,6
New_Orleans__best_cocktails-_Hot_Buttered_Rum_pour_u_nm_np1_fr_med_2.avi,6
Rum_Mixed_Drinks-_Part_4_-_How_to_Make_the_Cuba_Libre_Mixed_Drink_pour_u_nm_np1_fr_goo_0.avi,6
Rum_Mixed_Drinks-_Part_4_-_How_to_Make_the_Cuba_Libre_Mixed_Drink_pour_u_nm_np1_fr_goo_1.avi,6
Rum_Mixed_Drinks-_Part_4_-_How_to_Make_the_Cuba_Libre_Mixed_Drink_pour_u_nm_np1_fr_goo_2.avi,6
Spectacular_tea_pouring_pour_u_cm_np1_ri_med_0.avi,6
Spectacular_tea_pouring_pour_u_cm_np1_ri_med_1.avi,6
Spectacular_tea_pouring_pour_u_cm_np1_ri_med_2.avi,6
Spirit_Pouring_pour_u_nm_np1_fr_goo_0.avi,6
Spirit_Pouring_pour_u_nm_np1_fr_goo_1.avi,6
Spirit_Pouring_pour_u_nm_np1_fr_goo_2.avi,6
Tequila_Sunrise_pour_u_cm_np1_le_med_0.avi,6
Tequila_Sunrise_pour_u_cm_np1_le_med_1.avi,6
Traditional_Chinese_Tea_Ceremony_(Chinese)_pour_u_cm_np1_fr_med_0.avi,6
Traditional_Chinese_Tea_Ceremony_(Chinese)_pour_u_cm_np1_fr_med_1.avi,6
Traditional_Chinese_Tea_Ceremony_(Chinese)_pour_u_cm_np1_fr_med_2.avi,6
Traditional_chinese_tea_ceremony_pour_u_cm_np1_fr_goo_0.avi,6
Traditional_chinese_tea_ceremony_pour_u_cm_np1_fr_goo_1.avi,6
Traditional_chinese_tea_ceremony_pour_u_cm_np1_fr_goo_2.avi,6
Video_Bartending_Guide_-_Kamikaze_Shot_Recipe_-_Vodka_Shots_pour_u_nm_np1_fr_med_0.avi,6
Video_Bartending_Guide_-_Kamikaze_Shot_Recipe_-_Vodka_Shots_pour_u_nm_np1_fr_med_1.avi,6
_Art_of_the_Drink__Flaming_Zombie_pour_u_nm_np2_fr_med_0.avi,6
_Art_of_the_Drink__Flaming_Zombie_pour_u_nm_np2_fr_med_1.avi,6
crazy_german_guy_shows_how_do_they_pour_a_wheat_beer_pour_u_cm_np1_fr_goo_0.avi,6
crazy_german_guy_shows_how_do_they_pour_a_wheat_beer_pour_u_cm_np1_fr_goo_1.avi,6
crazy_german_guy_shows_how_do_they_pour_a_wheat_beer_pour_u_cm_np1_fr_goo_2.avi,6
prelinger_LetsPlay1949_pour_u_nm_np1_fr_goo_15.avi,6
20060723sfjffangelina_run_f_nm_np1_ri_med_2.avi,11
20060723sfjffjewcy_run_f_nm_np1_ba_med_3.avi,11
20060723sfjffsomelikeitwarmed_run_f_nm_np1_fr_med_6.avi,11
50_FIRST_DATES_run_f_cm_np1_ba_med_12.avi,11
50_FIRST_DATES_run_f_cm_np1_ri_med_21.avi,11
APOCALYPTO_run_u_nm_np1_fr_med_3.avi,11
A_Beautiful_Mind_4_run_f_cm_np1_ba_med_9.avi,11
A_Beautiful_Mind_5_run_u_cm_np1_fr_med_7.avi,11
AmericanGangster_run_f_cm_np1_le_med_18.avi,11
AmericanGangster_run_u_cm_np1_ri_med_65.avi,11
AmericanGangster_run_u_nm_np1_ba_med_66.avi,11
CastAway1_run_f_cm_np1_ri_med_2.avi,11
CharlieAndTheChocolateFactory_run_f_nm_np1_fr_bad_15.avi,11
CharlieAndTheChocolateFactory_run_f_nm_np1_le_bad_16.avi,11
Crash_run_f_cm_np1_fr_med_17.avi,11
Crash_run_l_cm_np1_fr_med_21.avi,11
EVOLUTION_run_f_nm_np2_fr_med_25.avi,11
Faith_Rewarded_run_f_cm_np1_le_med_16.avi,11
Fellowship_7_run_f_cm_np1_fr_med_4.avi,11
Fellowship_7_run_f_cm_np1_ri_med_15.avi,11
HP_PRISONER_OF_AZKABAN_run_f_cm_np1_ba_bad_36.avi,11
HP_PRISONER_OF_AZKABAN_run_f_cm_np1_le_bad_35.avi,11
HP_PRISONER_OF_AZKABAN_run_f_nm_np1_fr_med_25.avi,11
Hitch_Part_2_run_f_nm_np1_fr_med_11.avi,11
MeettheFockers_run_u_nm_np1_fr_med_13.avi,11
RATRACE_run_f_cm_np1_ba_med_14.avi,11
RATRACE_run_f_cm_np1_fr_med_16.avi,11
RATRACE_run_f_cm_np1_le_bad_24.avi,11
RATRACE_run_f_nm_np1_ri_med_7.avi,11
RETURN_OF_THE_KING_run_f_cm_np1_fr_bad_32.avi,11
RETURN_OF_THE_KING_run_f_cm_np1_ri_bad_6.avi,11
RETURN_OF_THE_KING_run_f_cm_np1_ri_med_11.avi,11
RETURN_OF_THE_KING_run_f_nm_np1_ba_med_43.avi,11
RETURN_OF_THE_KING_run_u_cm_np1_fr_bad_46.avi,11
Return_of_the_King_4_run_f_cm_np1_ri_med_5.avi,11
Superbad_run_f_nm_np1_ba_med_2.avi,11
SweeneyTodd_run_f_nm_np1_ba_bad_32.avi,11
THE_PROTECTOR_run_f_cm_np1_ba_med_13.avi,11
THE_PROTECTOR_run_f_cm_np1_ba_med_35.avi,11
THE_PROTECTOR_run_f_cm_np1_ba_med_44.avi,11
THE_PROTECTOR_run_f_cm_np1_le_med_15.avi,11
THE_PROTECTOR_run_f_cm_np1_ri_med_101.avi,11
THE_PROTECTOR_run_f_nm_np1_fr_med_71.avi,11
THE_PROTECTOR_run_f_nm_np1_le_med_91.avi,11
THE_PROTECTOR_run_u_cm_np1_fr_med_88.avi,11
THE_PROTECTOR_run_u_cm_np1_le_med_1.avi,11
TheBoondockSaints_run_f_cm_np3_fr_bad_128.avi,11
TheBoondockSaints_run_u_nm_np1_ba_bad_93.avi,11
TheLastManOnearth_run_f_cm_np1_ba_med_45.avi,11
TheLastManOnearth_run_f_cm_np1_fr_med_48.avi,11
TheLastManOnearth_run_f_cm_np1_le_med_47.avi,11
TheLastManOnearth_run_f_nm_np1_ba_bad_40.avi,11
TheLastManOnearth_run_f_nm_np1_fr_med_42.avi,11
TheLastManOnearth_run_f_nm_np2_fr_med_49.avi,11
TheLittleShopofHorrors_run_f_cm_np1_fr_bad_13.avi,11
The_Fugitive_2_run_f_cm_np1_fr_med_1.avi,11
The_Fugitive_2_run_f_cm_np1_fr_med_20.avi,11
The_House_on_Haunted_Hill_run_f_cm_np1_le_med_12.avi,11
The_Matrix_6_run_f_cm_np1_ba_med_1.avi,11
The_Matrix_6_run_f_cm_np1_fr_med_2.avi,11
TrumanShow_run_f_cm_np1_ba_med_13.avi,11
TrumanShow_run_f_nm_np1_ba_med_19.avi,11
TrumanShow_run_f_nm_np1_ba_med_21.avi,11
TrumanShow_run_f_nm_np1_le_med_11.avi,11
Two_Towers_1_run_f_cm_np2_fr_med_4.avi,11
Two_Towers_1_run_u_cm_np2_fr_bad_6.avi,11
metacafe_coolsoccer_run_f_cm_np10_le_bad_2.avi,11
metacafe_coolsoccer_run_f_cm_np3_fr_bad_6.avi,11
metacafe_coolsoccer_run_f_cm_np6_le_bad_8.avi,11
nameunknown256kb_run_f_cm_np1_fr_med_3.avi,11
21_wave_u_nm_np1_fr_goo_5.avi,2
50_FIRST_DATES_wave_f_cm_np1_fr_med_0.avi,2
50_FIRST_DATES_wave_u_cm_np1_fr_goo_30.avi,2
50_FIRST_DATES_wave_u_cm_np1_fr_med_1.avi,2
50_FIRST_DATES_wave_u_cm_np1_fr_med_36.avi,2
A_Beautiful_Mind_2_wave_u_cm_np1_ri_med_3.avi,2
Abschieds-winken_!!!!!!_Gruss_Guido_wave_u_cm_np1_fr_bad_0.avi,2
Abschieds-winken_!!!!!!_Gruss_Guido_wave_u_cm_np1_fr_bad_1.avi,2
AllThePresidentMen_wave_h_nm_np1_fr_med_6.avi,2
AmericanGangster_wave_u_cm_np1_fr_med_57.avi,2
BIG_FISH_wave_u_nm_np1_fr_bad_4.avi,2
BIG_FISH_wave_u_nm_np1_fr_goo_10.avi,2
BIG_FISH_wave_u_nm_np1_fr_goo_9.avi,2
BIG_FISH_wave_u_nm_np1_le_goo_28.avi,2
BLACK_HAWK_DOWN_wave_u_nm_np1_ba_goo_19.avi,2
BuddhaPainter_wave_u_nm_np1_fr_med_1.avi,2
CastAway1_wave_u_cm_np1_ri_med_4.avi,2
CharlieAndTheChocolateFactory_wave_u_nm_np1_fr_bad_1.avi,2
CharlieAndTheChocolateFactory_wave_u_nm_np1_fr_med_2.avi,2
CharlieAndTheChocolateFactory_wave_u_nm_np2_fr_goo_18.avi,2
Chris_Benoit_waving_goodbye_wave_u_nm_np1_fr_med_0.avi,2
Chris_Benoit_waving_goodbye_wave_u_nm_np1_fr_med_1.avi,2
Crash_wave_u_cm_np1_ba_med_13.avi,2
EVOLUTION_wave_u_cm_np1_fr_med_4.avi,2
EVOLUTION_wave_u_nm_np1_fr_med_18.avi,2
EVOLUTION_wave_u_nm_np1_le_med_3.avi,2
Glory_wave_u_nm_np6_fr_med_33.avi,2
Hitch_Part_2_wave_h_nm_np1_fr_goo_12.avi,2
IndianaJonesandTheTempleofDoom_wave_h_nm_np1_fr_med_2.avi,2
KUNG_FU_HUSTLE_wave_f_nm_np1_fr_med_7.avi,2
L_cheln_Und_Winken_wave_h_cm_np1_fr_med_0.avi,2
L_cheln_Und_Winken_wave_h_cm_np1_fr_med_1.avi,2
MUSE_Wave_Goodbye_in_Wembley_wave_u_cm_np3_fr_med_1.avi,2
MUSE_Wave_Goodbye_in_Wembley_wave_u_nm_np3_fr_med_0.avi,2
Maddin_winkt_wave_h_cm_np1_fr_med_1.avi,2
Maddin_winkt_wave_h_cm_np1_le_med_0.avi,2
Maya_beim_Winken_wave_f_cm_np1_fr_med_0.avi,2
Maya_beim_Winken_wave_f_cm_np1_fr_med_1.avi,2
Maya_beim_Winken_wave_f_cm_np1_fr_med_2.avi,2
Newall_Green_High_Students_Waving_Goodbye_wave_u_cm_np1_fr_bad_2.avi,2
Newall_Green_High_Students_Waving_Goodbye_wave_u_cm_np1_fr_med_0.avi,2
Newall_Green_High_Students_Waving_Goodbye_wave_u_cm_np3_fr_med_1.avi,2
Oceans12_wave_h_nm_np1_fr_goo_8.avi,2
Poldi_beim_Spiel_Deutschland_Schweden_16_8_wave_u_cm_np1_ri_med_0.avi,2
RATRACE_wave_f_nm_np1_fr_goo_37.avi,2
RATRACE_wave_f_nm_np1_fr_med_21.avi,2
RATRACE_wave_f_nm_np1_ri_med_10.avi,2
RATRACE_wave_u_cm_np1_fr_med_6.avi,2
RATRACE_wave_u_nm_np1_fr_med_27.avi,2
RATRACE_wave_u_nm_np1_fr_med_34.avi,2
RATRACE_wave_u_nm_np1_fr_med_9.avi,2
Song_I_Can_Wave_My_Hands_-_Cullen_s_Abc_s_wave_u_cm_np1_fr_med_0.avi,2
Song_I_Can_Wave_My_Hands_-_Cullen_s_Abc_s_wave_u_cm_np1_fr_med_1.avi,2
Song_I_Can_Wave_My_Hands_-_Cullen_s_Abc_s_wave_u_cm_np1_fr_med_2.avi,2
UNREPEATABLE_wave_f_nm_np1_fr_med_5.avi,2
We_Wave_-_Premiere_wave_f_cm_np2_fr_med_0.avi,2
Wie_man_winkt!!_wave_u_cm_np1_fr_med_0.avi,2
_I_ll_Just_Wave_My_Hand__sung_by_Cornerstone_Male_Choir_wave_u_cm_np1_fr_med_0.avi,2
_I_ll_Just_Wave_My_Hand__sung_by_Cornerstone_Male_Choir_wave_u_cm_np1_fr_med_1.avi,2
_I_ll_Just_Wave_My_Hand__sung_by_Cornerstone_Male_Choir_wave_u_cm_np1_fr_med_2.avi,2
eddieizzardcircle_wave_u_nm_np1_ri_med_8.avi,2
likebeckam_wave_u_cm_np1_fr_med_6.avi,2
likebeckam_wave_u_cm_np1_le_med_20.avi,2
prelinger_LetsBeGo1953_wave_u_cm_np10_ba_med_2.avi,2
prelinger_LetsBeGo1953_wave_u_cm_np10_ba_med_3.avi,2
prideandprejudice1_wave_f_nm_np1_ri_med_14.avi,2
veoh_harold_and_kumar_wave_u_nm_np1_fr_goo_5.avi,2
wave_and_say_hi_wave_u_nm_np1_fr_med_0.avi,2
winKen_wave_u_cm_np1_ba_bad_0.avi,2
winKen_wave_u_cm_np1_ri_bad_1.avi,2
A_Beautiful_Mind_1_jump_f_cm_np1_ba_bad_3.avi,1
Arrasando_no_Le_Parkour_jump_f_cm_np1_le_bad_0.avi,1
Arrasando_no_Le_Parkour_jump_f_cm_np1_ri_bad_1.avi,1
Arrasando_no_Le_Parkour_jump_f_nm_np1_le_med_2.avi,1
Arrasando_no_Le_Parkour_jump_f_nm_np1_ri_med_3.avi,1
BLACK_HAWK_DOWN_jump_f_cm_np1_ri_bad_9.avi,1
CharlieAndTheChocolateFactory_jump_f_nm_np1_fr_bad_5.avi,1
Documentario_Le_Parkour_Londrina_jump_f_cm_np1_ba_bad_12.avi,1
Documentario_Le_Parkour_Londrina_jump_f_cm_np1_fr_bad_10.avi,1
Documentario_Le_Parkour_Londrina_jump_f_cm_np1_le_bad_11.avi,1
Documentario_Le_Parkour_Londrina_jump_f_cm_np1_ri_bad_5.avi,1
Documentario_Le_Parkour_Londrina_jump_f_cm_np1_ri_bad_6.avi,1
Documentario_Le_Parkour_Londrina_jump_f_nm_np1_ba_bad_1.avi,1
Documentario_Le_Parkour_Londrina_jump_f_nm_np1_le_bad_8.avi,1
Documentario_Le_Parkour_Londrina_jump_f_nm_np1_ri_bad_2.avi,1
Documentario_Le_Parkour_Londrina_jump_f_nm_np1_ri_bad_4.avi,1
Documentario_Le_Parkour_Londrina_jump_f_nm_np1_ri_bad_7.avi,1
Fellowship_5_jump_f_nm_np1_fr_bad_10.avi,1
Fellowship_5_jump_f_nm_np1_ri_bad_11.avi,1
Fellowship_7_jump_f_cm_np1_fr_bad_1.avi,1
Goalkeeper_Felix_Schwake_jump_f_cm_np1_le_bad_5.avi,1
Goalkeeper_Felix_Schwake_jump_f_cm_np1_le_bad_6.avi,1
Goalkeeper_Felix_Schwake_jump_f_cm_np1_ri_bad_0.avi,1
Goalkeeper_Felix_Schwake_jump_f_cm_np1_ri_bad_1.avi,1
Goalkeeper_Felix_Schwake_jump_f_cm_np1_ri_bad_2.avi,1
Goalkeeper_Felix_Schwake_jump_f_nm_np1_ri_bad_3.avi,1
Gregoire_Airman_showreel_2008_jump_f_cm_np1_ba_bad_1.avi,1
Gregoire_Airman_showreel_2008_jump_f_cm_np1_le_bad_0.avi,1
Gregoire_Airman_showreel_2008_jump_f_cm_np1_le_bad_2.avi,1
Gregoire_Airman_showreel_2008_jump_f_cm_np1_le_bad_4.avi,1
Gregoire_Airman_showreel_2008_jump_f_cm_np1_ri_bad_5.avi,1
Gregoire_Airman_showreel_2008_jump_f_cm_np1_ri_bad_6.avi,1
HeavyHouse_jump_h_cm_np1_fr_bad_0.avi,1
IamLegend_jump_f_cm_np1_ba_bad_12.avi,1
KUNG_FU_HUSTLE_jump_f_cm_np1_fr_bad_16.avi,1
KUNG_FU_HUSTLE_jump_f_cm_np1_fr_bad_55.avi,1
KUNG_FU_HUSTLE_jump_f_nm_np1_fr_bad_38.avi,1
Le_Parkour_TVCA_esporte_jump_f_cm_np1_fr_bad_1.avi,1
New_polish_best_goalkeeper_-_FC_Barcelona_jump_f_cm_np1_le_bad_0.avi,1
RATRACE_jump_f_cm_np1_fr_bad_38.avi,1
RATRACE_jump_f_cm_np1_fr_bad_39.avi,1
RATRACE_jump_f_cm_np1_fr_bad_40.avi,1
RATRACE_jump_f_nm_np1_ba_bad_30.avi,1
Return_of_the_King_12_jump_f_nm_np2_fr_bad_2.avi,1
Return_of_the_King_7_jump_f_cm_np1_ri_bad_0.avi,1
RushHour2_jump_h_nm_np1_ba_bad_8.avi,1
Sam_Cooksey_Goalkeeper_Training_jump_f_cm_np1_le_bad_10.avi,1
Sam_Cooksey_Goalkeeper_Training_jump_f_cm_np1_le_bad_11.avi,1
Sam_Cooksey_Goalkeeper_Training_jump_f_cm_np1_le_bad_3.avi,1
Sam_Cooksey_Goalkeeper_Training_jump_f_cm_np1_le_bad_8.avi,1
Sam_Cooksey_Goalkeeper_Training_jump_f_cm_np1_ri_bad_1.avi,1
Sam_Cooksey_Goalkeeper_Training_jump_f_cm_np1_ri_bad_5.avi,1
Sam_Cooksey_Goalkeeper_Training_jump_f_cm_np1_ri_bad_6.avi,1
Sam_Cooksey_Goalkeeper_Training_jump_f_cm_np1_ri_bad_7.avi,1
Sommerland_Syd_sprung_in_den_tod_jump_f_cm_np1_fr_bad_0.avi,1
THE_PROTECTOR_jump_f_cm_np1_ba_bad_30.avi,1
THE_PROTECTOR_jump_f_cm_np1_fr_bad_29.avi,1
THE_PROTECTOR_jump_f_nm_np1_ba_bad_64.avi,1
THE_PROTECTOR_jump_f_nm_np1_fr_bad_95.avi,1
THE_PROTECTOR_jump_f_nm_np1_fr_bad_96.avi,1
TheBoondockSaints_jump_f_cm_np1_ba_bad_67.avi,1
TheBoondockSaints_jump_u_cm_np1_fr_bad_83.avi,1
TheBoondockSaints_jump_u_cm_np1_ri_bad_127.avi,1
happy_go_lovely_jump_f_cm_np1_fr_bad_20.avi,1
le_parkour_kl_jump_f_nm_np1_le_bad_3.avi,1
likebeckam_jump_l_cm_np1_ri_bad_17.avi,1
prelinger_ControlY1950_jump_f_nm_np1_fr_bad_13.avi,1
prelinger_ControlY1950_jump_f_nm_np1_fr_bad_6.avi,1
prelinger_ControlY1950_jump_f_nm_np1_fr_bad_7.avi,1
prelinger_ControlY1950_jump_f_nm_np1_fr_med_12.avi,1
20060723sfjffangelina_throw_u_cm_np1_ba_med_4.avi,8
2008-08-09GiantsGameDodgersPracticeClaytonKershaw_throw_f_cm_np1_fr_med_0.avi,8
2008-08-09GiantsGameDodgersPracticeClaytonKershaw_throw_f_cm_np1_fr_med_1.avi,8
2008-08-09GiantsGameDodgersPracticeClaytonKershaw_throw_f_cm_np1_fr_med_2.avi,8
APOCALYPTO_throw_f_nm_np1_fr_med_1.avi,8
APOCALYPTO_throw_u_cm_np1_ri_med_0.avi,8
AdamandAlvonplayingbasketball2_throw_f_nm_np1_fr_med_1.avi,8
BaseballPitchingtarget_BaseballPitchingCage_throw_u_cm_np1_ba_med_1.avi,8
BaseballPitchingtarget_BaseballPitchingCage_throw_u_nm_np1_ba_med_0.avi,8
BiomechanicsEvaluationofaPitcher_throw_f_cm_np1_ri_med_0.avi,8
Compilationknifethrowing_throw_u_nm_np1_ba_med_0.avi,8
Compilationknifethrowing_throw_u_nm_np1_ba_med_1.avi,8
Compilationknifethrowing_throw_u_nm_np1_ba_med_10.avi,8
Compilationknifethrowing_throw_u_nm_np1_ba_med_11.avi,8
Compilationknifethrowing_throw_u_nm_np1_ba_med_12.avi,8
Compilationknifethrowing_throw_u_nm_np1_ba_med_13.avi,8
Compilationknifethrowing_throw_u_nm_np1_ba_med_14.avi,8
Compilationknifethrowing_throw_u_nm_np1_ba_med_15.avi,8
Compilationknifethrowing_throw_u_nm_np1_ba_med_16.avi,8
Compilationknifethrowing_throw_u_nm_np1_ba_med_17.avi,8
Compilationknifethrowing_throw_u_nm_np1_ba_med_18.avi,8
Compilationknifethrowing_throw_u_nm_np1_ba_med_19.avi,8
Compilationknifethrowing_throw_u_nm_np1_ba_med_2.avi,8
Compilationknifethrowing_throw_u_nm_np1_ba_med_3.avi,8
Compilationknifethrowing_throw_u_nm_np1_ba_med_4.avi,8
Compilationknifethrowing_throw_u_nm_np1_ba_med_5.avi,8
Compilationknifethrowing_throw_u_nm_np1_ba_med_6.avi,8
Compilationknifethrowing_throw_u_nm_np1_ba_med_7.avi,8
Compilationknifethrowing_throw_u_nm_np1_ba_med_8.avi,8
Compilationknifethrowing_throw_u_nm_np1_ba_med_9.avi,8
Faith_Rewarded_throw_f_cm_np1_ba_med_74.avi,8
Faith_Rewarded_throw_f_cm_np1_fr_bad_14.avi,8
Faith_Rewarded_throw_f_cm_np1_le_med_13.avi,8
Faith_Rewarded_throw_f_nm_np1_ba_bad_79.avi,8
Faith_Rewarded_throw_f_nm_np1_fr_med_84.avi,8
Faith_Rewarded_throw_f_nm_np1_le_bad_76.avi,8
Faith_Rewarded_throw_f_nm_np1_ri_bad_9.avi,8
Faith_Rewarded_throw_u_cm_np1_ba_med_6.avi,8
Faith_Rewarded_throw_u_cm_np1_fr_med_2.avi,8
Faith_Rewarded_throw_u_cm_np1_fr_med_33.avi,8
Faith_Rewarded_throw_u_nm_np1_fr_bad_34.avi,8
Fellowship_3_throw_u_nm_np1_fr_bad_4.avi,8
Finding_Forrester_3_throw_u_nm_np1_fr_med_13.avi,8
HowtoParticipateinKnife_throw_f_cm_np1_le_med_1.avi,8
HowtoParticipateinKnife_throw_u_cm_np1_ba_med_0.avi,8
KUNG_FU_HUSTLE_throw_u_cm_np1_fr_med_1.avi,8
Knifethrowing1_throw_u_cm_np1_le_med_0.avi,8
Knifethrowing4knivestogethernospin_throw_f_nm_np1_ri_med_1.avi,8
Knifethrowing4knivestogethernospin_throw_u_nm_np1_ba_med_0.avi,8
LittleChildren_throw_u_nm_np1_fr_med_8.avi,8
NOVA_ELEGANTUNIVERSE2_throw_f_nm_np1_fr_med_2.avi,8
Pirates_6_throw_u_cm_np1_fr_med_3.avi,8
SchoolRulesHowTheyHelpUs_throw_f_nm_np1_ba_med_3.avi,8
ScottKazmir_throw_f_cm_np1_fr_med_0.avi,8
ScottKazmir_throw_f_cm_np1_fr_med_2.avi,8
Shadow_of_a_Doubt_throw_u_cm_np1_ba_med_0.avi,8
Shadow_of_a_Doubt_throw_u_cm_np1_fr_med_5.avi,8
Two_Towers_6_throw_h_cm_np1_fr_bad_3.avi,8
Veoh_Alpha_Dog_1_throw_f_cm_np1_le_med_5.avi,8
Veoh_Alpha_Dog_1_throw_f_cm_np2_fr_med_57.avi,8
Veoh_Alpha_Dog_1_throw_u_nm_np1_ri_med_25.avi,8
amazingballthrowingtricks_throw_f_cm_np1_fr_med_6.avi,8
amazingballthrowingtricks_throw_f_cm_np1_ri_med_1.avi,8
amazingballthrowingtricks_throw_f_cm_np1_ri_med_2.avi,8
amazingballthrowingtricks_throw_f_cm_np1_ri_med_4.avi,8
amazingballthrowingtricks_throw_f_cm_np1_ri_med_5.avi,8
amazingballthrowingtricks_throw_f_nm_np1_ri_med_0.avi,8
amazingballthrowingtricks_throw_u_cm_np1_fr_med_3.avi,8
baseballpitchslowmotion_throw_f_nm_np1_fr_med_0.avi,8
prelinger_they_grow_up_so_fast_1_throw_f_nm_np1_fr_med_8.avi,8
A_Beautiful_Mind_5_smoke_u_nm_np1_fr_goo_10.avi,5
After_work_smoke_in_the_garage_smoke_h_nm_np1_fr_bad_0.avi,5
American_History_X_smoke_h_nm_np1_fr_goo_26.avi,5
American_History_X_smoke_h_nm_np1_fr_goo_29.avi,5
American_History_X_smoke_u_nm_np1_fr_med_43.avi,5
Buckle-Up_smoke_h_cm_np1_ri_goo_0.avi,5
Laughing_Girl_smoke_u_nm_np1_ri_goo_0.avi,5
OSSER_-_Qualboro_light_-_Marlboro_Verarschung_smoke_h_cm_np1_le_bad_0.avi,5
Prelinger_LetYours1940_smoke_f_nm_np1_fr_med_6.avi,5
Rauchen_f_r_Anf_nger_smoke_h_nm_np1_fr_med_0.avi,5
Rauchen_f_r_Anf_nger_smoke_h_nm_np1_fr_med_1.avi,5
Rauchen_f_r_Anf_nger_smoke_h_nm_np1_fr_med_2.avi,5
Raucher_Antiraucher_Werbung_smoke_h_cm_np1_fr_goo_2.avi,5
Raucher_Antiraucher_Werbung_smoke_h_cm_np1_fr_med_1.avi,5
Raucher_Antiraucher_Werbung_smoke_u_cm_np1_fr_med_0.avi,5
Return_of_the_King_11_smoke_h_nm_np1_fr_med_0.avi,5
Return_of_the_King_11_smoke_h_nm_np1_fr_med_1.avi,5
Return_of_the_King_1_smoke_h_cm_np1_fr_goo_7.avi,5
Return_of_the_King_1_smoke_h_nm_np1_ri_goo_3.avi,5
Return_of_the_King_3_smoke_h_nm_np1_fr_med_3.avi,5
Sara_beim_Rauchen_-_Volume_3_smoke_h_cm_np1_fr_bad_1.avi,5
Sara_beim_Rauchen_-_Volume_3_smoke_h_cm_np1_fr_bad_2.avi,5
Sara_beim_Rauchen_-_Volume_3_smoke_h_cm_np1_fr_med_0.avi,5
Sexy_Smoking_Girl_-_Teen_Smoking_Cigarette_smoke_u_nm_np1_fr_goo_0.avi,5
Sexy_Smoking_Girl_-_Teen_Smoking_Cigarette_smoke_u_nm_np1_fr_goo_1.avi,5
The_Fugitive_2_smoke_h_nm_np1_fr_med_23.avi,5
The_Fugitive_2_smoke_u_cm_np1_fr_bad_22.avi,5
The_Matrix_4_smoke_h_nm_np1_fr_goo_1.avi,5
Veoh_Alpha_Dog_1_smoke_h_nm_np1_fr_goo_20.avi,5
Veoh_Alpha_Dog_1_smoke_h_nm_np1_fr_goo_4.avi,5
Veoh_Alpha_Dog_1_smoke_h_nm_np1_fr_goo_53.avi,5
Veoh_Alpha_Dog_1_smoke_h_nm_np1_fr_med_54.avi,5
Veoh_Alpha_Dog_1_smoke_u_cm_np1_fr_med_8.avi,5
Veoh_Alpha_Dog_1_smoke_u_nm_np1_fr_med_10.avi,5
Veoh_Alpha_Dog_1_smoke_u_nm_np1_ri_med_17.avi,5
more_smoking_smoke_h_cm_np1_ri_med_0.avi,5
more_smoking_smoke_h_cm_np1_ri_med_1.avi,5
more_smoking_smoke_h_cm_np1_ri_med_2.avi,5
nice_smoking_girl_smoke_h_nm_np1_le_med_0.avi,5
nice_smoking_girl_smoke_h_nm_np1_le_med_1.avi,5
nice_smoking_girl_smoke_h_nm_np1_le_med_2.avi,5
passive_rauchen_smoke_h_cm_np1_ri_med_0.avi,5
raucher_smoke_u_nm_np1_fr_med_0.avi,5
raucher_smoke_u_nm_np1_fr_med_2.avi,5
ricky_bobby_smoke_h_nm_np1_fr_med_0.avi,5
smoking_1_smoke_h_cm_np1_ri_goo_0.avi,5
smoking_1_smoke_h_cm_np1_ri_med_1.avi,5
smoking_1_smoke_h_cm_np1_ri_med_2.avi,5
smoking_2_smoke_h_cm_np1_ba_goo_2.avi,5
smoking_2_smoke_h_cm_np1_ba_med_4.avi,5
smoking_2_smoke_h_cm_np1_ba_med_5.avi,5
smoking_2_smoke_h_cm_np1_ri_med_0.avi,5
smoking_2_smoke_h_cm_np1_ri_med_1.avi,5
smoking_2_smoke_h_cm_np1_ri_med_3.avi,5
smoking_3_smoke_h_cm_np1_fr_med_1.avi,5
smoking_3_smoke_h_cm_np1_le_med_0.avi,5
smoking_again_smoke_h_cm_np1_le_goo_0.avi,5
smoking_again_smoke_h_cm_np1_le_goo_1.avi,5
smoking_again_smoke_h_cm_np1_le_goo_2.avi,5
smoking_smoke_h_nm_np1_fr_med_0.avi,5
smoking_smoke_h_nm_np1_fr_med_1.avi,5
smoking_smoke_h_nm_np1_fr_med_2.avi,5
smoking_smoking_-_tricks!_smoke_h_nm_np1_fr_goo_0.avi,5
smoking_smoking_-_tricks!_smoke_h_nm_np1_fr_goo_1.avi,5
smoking_smoking_-_tricks!_smoke_h_nm_np1_fr_med_2.avi,5
smoking_video_smoke_h_nm_np1_fr_goo_1.avi,5
smoking_video_smoke_h_nm_np1_fr_goo_2.avi,5
you_like_a_nice_long_white_cig_smoke_u_nm_np1_ri_goo_0.avi,5
you_like_a_nice_long_white_cig_smoke_u_nm_np1_ri_goo_1.avi,5
you_like_a_nice_long_white_cig_smoke_u_nm_np1_ri_goo_2.avi,5
11408ErikaRecurvefront_shoot_bow_u_nm_np1_fr_med_0.avi,4
11408ErikaRecurvefront_shoot_bow_u_nm_np1_fr_med_1.avi,4
6arrowswithin30seconds_shoot_bow_f_nm_np1_fr_med_0.avi,4
6arrowswithin30seconds_shoot_bow_f_nm_np1_fr_med_1.avi,4
6arrowswithin30seconds_shoot_bow_f_nm_np1_fr_med_2.avi,4
6arrowswithin30seconds_shoot_bow_f_nm_np1_fr_med_3.avi,4
6arrowswithin30seconds_shoot_bow_f_nm_np1_fr_med_4.avi,4
6arrowswithin30seconds_shoot_bow_f_nm_np1_fr_med_5.avi,4
ArcherShootsFOBArrowat100Yards_shoot_bow_u_nm_np1_fr_med_0.avi,4
ArcherShootsFOBArrowat100Yards_shoot_bow_u_nm_np1_fr_med_1.avi,4
ArcherySVK_shoot_bow_u_cm_np1_fr_med_0.avi,4
ArcherySVK_shoot_bow_u_cm_np1_fr_med_1.avi,4
ArcherySVK_shoot_bow_u_cm_np1_fr_med_2.avi,4
Erikafrontrecurve6june08_shoot_bow_u_nm_np1_fr_med_0.avi,4
Fellowship_5_shoot_bow_h_cm_np1_fr_med_7.avi,4
Fellowship_5_shoot_bow_h_nm_np1_fr_goo_3.avi,4
Fellowship_5_shoot_bow_h_nm_np1_fr_goo_4.avi,4
Fellowship_5_shoot_bow_u_cm_np1_fr_med_13.avi,4
Fellowship_5_shoot_bow_u_nm_np1_fr_goo_6.avi,4
HannahFront22May08_shoot_bow_u_nm_np1_fr_med_0.avi,4
HannahFront22May08_shoot_bow_u_nm_np1_fr_med_1.avi,4
Hannahfront23may08_shoot_bow_u_nm_np1_fr_med_0.avi,4
Hannahfront23may08_shoot_bow_u_nm_np1_fr_med_1.avi,4
JuanReneSerranoSemifinal_shoot_bow_u_cm_np1_fr_goo_0.avi,4
JuanReneSerranoSemifinal_shoot_bow_u_cm_np1_fr_goo_1.avi,4
JuanReneSerranoSemifinal_shoot_bow_u_cm_np1_fr_goo_6.avi,4
JuanReneSerranoSemifinal_shoot_bow_u_cm_np1_fr_goo_7.avi,4
JuanReneSerranoSemifinal_shoot_bow_u_cm_np1_fr_med_3.avi,4
JuanReneSerranoSemifinal_shoot_bow_u_cm_np1_le_goo_2.avi,4
JuanReneSerranoSemifinal_shoot_bow_u_cm_np1_le_goo_4.avi,4
JuanReneSerranoSemifinal_shoot_bow_u_cm_np1_le_goo_5.avi,4
KLArchery1_shoot_bow_u_cm_np1_fr_med_0.avi,4
KLArchery_shoot_bow_u_cm_np1_fr_med_0.avi,4
MegaPrecisionArchery_shoot_bow_u_nm_np1_fr_med_0.avi,4
MegaPrecisionArchery_shoot_bow_u_nm_np1_fr_med_1.avi,4
MegaPrecisionArchery_shoot_bow_u_nm_np1_fr_med_2.avi,4
MegaPrecisionArchery_shoot_bow_u_nm_np1_fr_med_3.avi,4
MegaPrecisionArchery_shoot_bow_u_nm_np1_fr_med_4.avi,4
MegaPrecisionArchery_shoot_bow_u_nm_np1_fr_med_5.avi,4
Meshooting3_shoot_bow_u_cm_np1_fr_med_0.avi,4
Meshooting3_shoot_bow_u_cm_np1_fr_med_1.avi,4
Meshooting3_shoot_bow_u_cm_np1_fr_med_2.avi,4
OhKyoMoon_shoot_bow_u_cm_np1_fr_med_0.avi,4
P3Martin_shoot_bow_u_cm_np1_fr_goo_0.avi,4
ParkKyungMo_shoot_bow_f_cm_np2_fr_med_0.avi,4
Return_of_the_King_1_shoot_bow_u_cm_np1_fr_med_9.avi,4
Return_of_the_King_7_shoot_bow_u_nm_np10_ba_med_2.avi,4
Shootingarecurve_shoot_bow_u_cm_np1_fr_med_5.avi,4
Shootingarecurve_shoot_bow_u_nm_np1_fr_med_0.avi,4
Shootingarecurve_shoot_bow_u_nm_np1_fr_med_1.avi,4
Shootingarecurve_shoot_bow_u_nm_np1_fr_med_2.avi,4
Shootingarecurve_shoot_bow_u_nm_np1_fr_med_3.avi,4
Shootingarecurve_shoot_bow_u_nm_np1_fr_med_4.avi,4
TurkishBowDrOzveri_shoot_bow_u_cm_np1_fr_med_0.avi,4
TurkishBowDrOzveri_shoot_bow_u_cm_np1_fr_med_1.avi,4
TurkishBowDrOzveri_shoot_bow_u_cm_np1_fr_med_2.avi,4
Two_Towers_4_shoot_bow_f_nm_np1_le_med_1.avi,4
Two_Towers_4_shoot_bow_h_cm_np1_fr_goo_2.avi,4
Two_Towers_6_shoot_bow_u_nm_np1_fr_med_2.avi,4
Updatedvideoofmeshootingteamusaarchery_shoot_bow_f_nm_np1_ba_med_0.avi,4
Updatedvideoofmeshootingteamusaarchery_shoot_bow_f_nm_np1_ri_med_1.avi,4
Updatedvideoofmeshootingteamusaarchery_shoot_bow_f_nm_np1_ri_med_5.avi,4
Updatedvideoofmeshootingteamusaarchery_shoot_bow_u_cm_np1_ba_med_6.avi,4
Updatedvideoofmeshootingteamusaarchery_shoot_bow_u_cm_np1_ri_med_4.avi,4
Updatedvideoofmeshootingteamusaarchery_shoot_bow_u_nm_np1_ba_med_2.avi,4
Updatedvideoofmeshootingteamusaarchery_shoot_bow_u_nm_np1_ba_med_7.avi,4
Updatedvideoofmeshootingteamusaarchery_shoot_bow_u_nm_np1_fr_med_3.avi,4
Updatedvideoofmeshootingteamusaarchery_shoot_bow_u_nm_np1_fr_med_8.avi,4
Updatedvideoofmeshootingteamusaarchery_shoot_bow_u_nm_np1_fr_med_9.avi,4
techniquefrontshot_shoot_bow_u_cm_np1_fr_med_0.avi,4
310ToYuma_drink_h_cm_np1_le_goo_3.avi,9
310ToYuma_drink_h_nm_np1_fr_goo_2.avi,9
310ToYuma_drink_u_nm_np1_le_goo_5.avi,9
A_Beautiful_Mind_1_drink_u_cm_np1_fr_goo_4.avi,9
A_Beautiful_Mind_1_drink_u_nm_np1_ri_goo_6.avi,9
AllThePresidentMen_drink_f_nm_np2_ri_med_2.avi,9
AllThePresidentMen_drink_h_nm_np1_fr_goo_5.avi,9
AmericanGangster_drink_h_nm_np1_fr_goo_17.avi,9
AmericanGangster_drink_h_nm_np1_fr_goo_69.avi,9
AmericanGangster_drink_h_nm_np1_fr_med_28.avi,9
AmericanGangster_drink_h_nm_np1_ri_bad_4.avi,9
AmericanGangster_drink_h_nm_np1_ri_med_3.avi,9
AmericanGangster_drink_u_cm_np1_fr_med_52.avi,9
AmericanGangster_drink_u_nm_np1_fr_goo_44.avi,9
AmericanGangster_drink_u_nm_np1_fr_goo_67.avi,9
AmericanGangster_drink_u_nm_np1_fr_med_39.avi,9
AmericanGangster_drink_u_nm_np1_le_goo_46.avi,9
BATMAN_BEGINS_drink_h_nm_np1_fr_goo_13.avi,9
BATMAN_BEGINS_drink_u_nm_np1_fr_goo_12.avi,9
BLACK_HAWK_DOWN_drink_h_nm_np1_fr_goo_39.avi,9
BLACK_HAWK_DOWN_drink_u_nm_np1_fr_goo_38.avi,9
CharlieAndTheChocolateFactory_drink_h_nm_np1_fr_goo_25.avi,9
ChildrenOfMen_drink_u_nm_np1_fr_goo_0.avi,9
EasternPromises_drink_u_nm_np1_ri_goo_0.avi,9
GoneBabyGone_drink_h_cm_np1_fr_goo_1.avi,9
GoneBabyGone_drink_u_cm_np1_le_med_2.avi,9
Hitch_Part_2_drink_h_nm_np1_le_goo_5.avi,9
IamLegend_drink_h_nm_np1_fr_goo_22.avi,9
Italian_Job_4_drink_u_nm_np1_fr_goo_0.avi,9
Juno_drink_h_nm_np1_fr_goo_0.avi,9
LONGESTYARD_drink_u_cm_np1_fr_goo_1.avi,9
LONGESTYARD_drink_u_cm_np1_fr_med_20.avi,9
LittleChildren_drink_h_nm_np1_fr_goo_6.avi,9
MeettheParents_drink_u_nm_np1_fr_goo_4.avi,9
OldSchool_drink_h_nm_np1_fr_goo_4.avi,9
OldSchool_drink_u_nm_np1_fr_goo_12.avi,9
Pirates_1_drink_u_nm_np1_fr_goo_0.avi,9
RATRACE_drink_h_nm_np1_fr_goo_0.avi,9
RATRACE_drink_h_nm_np1_fr_goo_11.avi,9
RATRACE_drink_u_nm_np1_ri_goo_5.avi,9
RATRACE_drink_u_nm_np1_ri_med_19.avi,9
RETURN_OF_THE_KING_drink_f_nm_np1_fr_med_9.avi,9
RETURN_OF_THE_KING_drink_h_nm_np1_ri_goo_13.avi,9
RETURN_OF_THE_KING_drink_h_nm_np1_ri_goo_47.avi,9
RETURN_OF_THE_KING_drink_u_cm_np2_fr_goo_2.avi,9
Return_of_the_King_2_drink_h_nm_np1_fr_goo_2.avi,9
Return_of_the_King_2_drink_h_nm_np1_fr_goo_3.avi,9
Return_of_the_King_2_drink_h_nm_np1_fr_goo_5.avi,9
Return_of_the_King_5_drink_h_nm_np1_ri_goo_0.avi,9
Shadow_of_a_Doubt_drink_h_nm_np1_fr_goo_8.avi,9
SocialSeminarChanging_drink_h_cm_np1_fr_med_0.avi,9
SocialSeminarTom_drink_h_nm_np1_fr_goo_0.avi,9
SweeneyTodd_drink_u_cm_np1_le_med_22.avi,9
SweeneyTodd_drink_u_nm_np1_fr_goo_26.avi,9
TheBoondockSaints_drink_h_nm_np1_ri_med_16.avi,9
TheBoondockSaints_drink_u_nm_np1_fr_med_80.avi,9
TheBoondockSaints_drink_u_nm_np2_fr_goo_99.avi,9
TheLastManOnearth_drink_f_cm_np1_ri_med_12.avi,9
TheLastManOnearth_drink_u_nm_np1_fr_goo_7.avi,9
TheLastManOnearth_drink_u_nm_np1_fr_med_34.avi,9
ThePerfectScore_drink_u_cm_np1_fr_goo_5.avi,9
TheRoyalTenenbaums_drink_u_nm_np1_le_goo_1.avi,9
The_Departed_-_Part_1_drink_u_nm_np1_fr_goo_7.avi,9
The_House_on_Haunted_Hill_drink_h_nm_np1_fr_goo_1.avi,9
The_House_on_Haunted_Hill_drink_h_nm_np1_fr_goo_3.avi,9
TrumanShow_drink_h_nm_np1_ri_goo_22.avi,9
Veoh_Alpha_Dog_1_drink_h_nm_np1_fr_goo_61.avi,9
Veoh_Alpha_Dog_1_drink_u_nm_np1_fr_goo_40.avi,9
Veoh_Alpha_Dog_2_drink_u_nm_np1_fr_goo_5.avi,9
WeddingCrashers_drink_h_cm_np1_le_goo_5.avi,9
(HQ)_Rock_Climbing_-_Free_Solo_Speed_Climb_-_Dan_Osman_climb_f_cm_np1_ba_med_0.avi,0
(HQ)_Rock_Climbing_-_Free_Solo_Speed_Climb_-_Dan_Osman_climb_f_cm_np1_fr_med_4.avi,0
(HQ)_Rock_Climbing_-_Free_Solo_Speed_Climb_-_Dan_Osman_climb_f_cm_np1_fr_med_5.avi,0
(HQ)_Rock_Climbing_-_Free_Solo_Speed_Climb_-_Dan_Osman_climb_f_cm_np1_le_med_1.avi,0
(HQ)_Rock_Climbing_-_Free_Solo_Speed_Climb_-_Dan_Osman_climb_f_cm_np1_le_med_2.avi,0
(HQ)_Rock_Climbing_-_Free_Solo_Speed_Climb_-_Dan_Osman_climb_f_cm_np1_le_med_3.avi,0
Alban_Hayoz_solo_climb_(klettern)_climb_f_cm_np1_ba_med_0.avi,0
Alban_Hayoz_solo_climb_(klettern)_climb_f_cm_np1_ba_med_2.avi,0
Alban_Hayoz_solo_climb_(klettern)_climb_f_nm_np1_ba_med_1.avi,0
Axel_beim_Klettern_an_der_Unisportwand_climb_f_cm_np1_ba_med_2.avi,0
Axel_beim_Klettern_an_der_Unisportwand_climb_f_cm_np1_ba_med_3.avi,0
Axel_beim_Klettern_an_der_Unisportwand_climb_f_cm_np2_ba_med_0.avi,0
Axel_beim_Klettern_an_der_Unisportwand_climb_f_cm_np2_ba_med_1.avi,0
Bristol_UCR_roof_climb_climb_f_cm_np1_ba_bad_0.avi,0
Bristol_UCR_roof_climb_climb_f_cm_np1_ba_bad_2.avi,0
Climbing_Wall_Adventure_climb_f_cm_np1_ba_med_1.avi,0
Climbing_Wall_Adventure_climb_f_cm_np1_le_med_0.avi,0
Climbing_Wall_Traverse_climb_f_cm_np1_ba_med_0.avi,0
Climbing_roof_in_TCA_climb_f_cm_np1_ba_med_0.avi,0
Climbing_roof_in_TCA_climb_f_cm_np1_ba_med_2.avi,0
Climbing_the_World_s_Tallest_Tree_climb_f_cm_np1_ba_med_0.avi,0
DM_Sportklettern_2006-_Finale_Herren_-_Markus_Hoppe_climb_f_cm_np1_ri_med_0.avi,0
DM_Sportklettern_2006-_Finale_Herren_-_Markus_Hoppe_climb_f_cm_np1_ri_med_1.avi,0
DM_Sportklettern_2006-_Qualifikation_-_Andreas_Bindhammer_climb_f_cm_np1_ba_med_1.avi,0
DM_Sportklettern_2006-_Qualifikation_-_Andreas_Bindhammer_climb_f_cm_np1_ba_med_2.avi,0
DM_Sportklettern_2006-_Video_Qualifikation_-_Julia_Winter_climb_f_cm_np1_ba_med_0.avi,0
DM_Sportklettern_2006-_Video_Qualifikation_-_Julia_Winter_climb_f_cm_np1_ba_med_1.avi,0
DM_Sportklettern_2006-_Video_Qualifikation_-_Julia_Winter_climb_f_cm_np1_ba_med_2.avi,0
Dan_Osman_-_Speed_rock_climbing_climb_f_cm_np1_ba_bad_0.avi,0
Dan_Osman_-_Speed_rock_climbing_climb_f_cm_np1_ba_bad_1.avi,0
Dan_Osman_-_Speed_rock_climbing_climb_f_cm_np1_fr_bad_5.avi,0
Dan_Osman_-_Speed_rock_climbing_climb_f_cm_np1_le_bad_3.avi,0
Dan_Osman_-_Speed_rock_climbing_climb_f_cm_np1_le_bad_4.avi,0
Janini_an_der_Kletterwand_climb_f_cm_np1_ba_med_0.avi,0
Janini_an_der_Kletterwand_climb_f_cm_np1_ba_med_1.avi,0
Janini_an_der_Kletterwand_climb_f_cm_np1_ba_med_2.avi,0
Jez__roof_climbing_in_Mile_End_climb_f_cm_np1_ba_med_0.avi,0
Jez__roof_climbing_in_Mile_End_climb_f_cm_np1_ba_med_1.avi,0
Jez__roof_climbing_in_Mile_End_climb_f_cm_np1_ba_med_2.avi,0
Julius_Haushammer___Klettern_und_Bouldern___1979_climb_f_cm_np1_ba_med_0.avi,0
Julius_Haushammer___Klettern_und_Bouldern___1979_climb_f_cm_np1_ba_med_1.avi,0
Julius_Haushammer___Klettern_und_Bouldern___1979_climb_f_cm_np1_ba_med_2.avi,0
Klettern_by_Kurt_Hackner_climb_f_cm_np1_ba_med_0.avi,0
Klettern_by_Kurt_Hackner_climb_f_cm_np1_ba_med_2.avi,0
Klettern_by_Kurt_Hackner_climb_f_cm_np1_le_med_1.avi,0
Kletterwand_climb_f_cm_np1_ba_goo_0.avi,0
Kletterwand_climb_f_cm_np1_ba_goo_1.avi,0
Kletterwand_climb_f_cm_np1_ba_goo_2.avi,0
Lead_Climbing_Roof_at_Stoneworks_climb_f_cm_np1_ba_med_1.avi,0
Mexican_Climbing_Fence_climb_f_cm_np1_ba_med_0.avi,0
Mexican_Climbing_Fence_climb_f_cm_np1_ba_med_1.avi,0
Mexican_Climbing_Fence_climb_f_cm_np1_ba_med_2.avi,0
Pole_climbing_World_Championships_climb_f_cm_np1_le_med_3.avi,0
Pole_climbing_World_Championships_climb_f_nm_np1_ba_goo_0.avi,0
Pole_climbing_World_Championships_climb_f_nm_np1_ba_med_1.avi,0
Pole_climbing_World_Championships_climb_f_nm_np1_le_goo_2.avi,0
Return_of_the_King_4_climb_f_cm_np1_ba_med_3.avi,0
Rock_Climbing_Nationals_08_Emily_Harrington_and_Lauren_Lee_climb_f_cm_np1_ba_med_0.avi,0
Rock_Climbing_Nationals_08_Emily_Harrington_and_Lauren_Lee_climb_f_cm_np1_ba_med_1.avi,0
Rock_Climbing_Nationals_08_Emily_Harrington_and_Lauren_Lee_climb_f_cm_np1_ba_med_3.avi,0
SafeInPort_climb_f_nm_np1_ba_med_0.avi,0
Sarah_und_die_Kletterwand_climb_f_cm_np1_ri_bad_0.avi,0
Sarah_und_die_Kletterwand_climb_f_cm_np1_ri_bad_1.avi,0
Sarah_und_die_Kletterwand_climb_f_cm_np1_ri_bad_2.avi,0
The_Fugitive_5_climb_f_cm_np1_ri_med_8.avi,0
megan_roof_climbing_climb_f_cm_np1_ri_goo_0.avi,0
megan_roof_climbing_climb_f_cm_np1_ri_goo_1.avi,0
rope_climbing_climb_f_nm_np1_ba_med_1.avi,0
rope_climbing_climb_f_nm_np1_fr_med_0.avi,0
speed_rope_climbing_competition_climb_f_cm_np1_ri_med_0.avi,0
#437_How_To_Ride_A_Bike_ride_bike_f_cm_np1_ba_med_0.avi,10
#437_How_To_Ride_A_Bike_ride_bike_f_cm_np1_ba_med_1.avi,10
#437_How_To_Ride_A_Bike_ride_bike_f_cm_np1_ba_med_3.avi,10
#437_How_To_Ride_A_Bike_ride_bike_f_cm_np1_fr_med_2.avi,10
1989_Tour_de_France_Final_Time_Trial_ride_bike_f_cm_np1_ba_med_0.avi,10
1989_Tour_de_France_Final_Time_Trial_ride_bike_f_cm_np1_ba_med_1.avi,10
1989_Tour_de_France_Final_Time_Trial_ride_bike_f_cm_np1_ba_med_2.avi,10
1989_Tour_de_France_Final_Time_Trial_ride_bike_f_cm_np1_fr_med_6.avi,10
1989_Tour_de_France_Final_Time_Trial_ride_bike_f_cm_np1_fr_med_7.avi,10
1989_Tour_de_France_Final_Time_Trial_ride_bike_f_cm_np1_le_med_4.avi,10
1989_Tour_de_France_Final_Time_Trial_ride_bike_f_cm_np1_ri_med_3.avi,10
1989_Tour_de_France_Final_Time_Trial_ride_bike_f_cm_np1_ri_med_5.avi,10
1996_Tour_de_France_-_Indurain_Cracks_ride_bike_f_cm_np1_ba_med_1.avi,10
1996_Tour_de_France_-_Indurain_Cracks_ride_bike_f_cm_np1_le_med_0.avi,10
1996_Tour_de_France_-_Indurain_Cracks_ride_bike_f_cm_np1_ri_med_2.avi,10
1996_Tour_de_France_-_Indurain_Cracks_ride_bike_f_cm_np1_ri_med_3.avi,10
1996_Tour_de_France_-_Indurain_Cracks_ride_bike_f_cm_np1_ri_med_4.avi,10
Bicycle_Tips_ride_bike_f_cm_np1_ba_med_1.avi,10
Bicycle_Tips_ride_bike_f_cm_np1_le_med_0.avi,10
Bicycle_Tips_ride_bike_f_cm_np1_ri_med_2.avi,10
CSC_and_the_2007__Sydney_to_the_Gong__bike_ride_ride_bike_f_cm_np1_ri_med_0.avi,10
CSC_and_the_2007__Sydney_to_the_Gong__bike_ride_ride_bike_f_cm_np1_ri_med_1.avi,10
CSC_and_the_2007__Sydney_to_the_Gong__bike_ride_ride_bike_f_cm_np1_ri_med_2.avi,10
David_beim_Fahrrad_fahren_X_x_ride_bike_f_cm_np1_ba_med_2.avi,10
David_beim_Fahrrad_fahren_X_x_ride_bike_f_cm_np1_fr_med_3.avi,10
David_beim_Fahrrad_fahren_X_x_ride_bike_f_cm_np1_le_med_0.avi,10
David_beim_Fahrrad_fahren_X_x_ride_bike_f_cm_np1_ri_med_1.avi,10
David_beim_Fahrrad_fahren_X_x_ride_bike_f_cm_np1_ri_med_4.avi,10
Fahrrad_Eigenbau_ride_bike_f_cm_np1_le_med_1.avi,10
Fahrrad_Eigenbau_ride_bike_f_cm_np1_ri_med_0.avi,10
Fahrrad_fahren_ride_bike_f_cm_np2_le_med_0.avi,10
Fahrrad_fahren_ride_bike_f_cm_np2_le_med_1.avi,10
Fahrrad_fahren_ride_bike_f_cm_np2_le_med_2.avi,10
Fahrrad_ride_bike_f_cm_np1_le_med_0.avi,10
Finding_Forrester_4_ride_bike_f_cm_np1_fr_bad_5.avi,10
Finding_Forrester_5_ride_bike_f_cm_np1_fr_bad_1.avi,10
Finding_Forrester_5_ride_bike_f_cm_np1_fr_med_0.avi,10
I_want_to_ride_my_bicycle_ride_bike_f_cm_np1_le_med_0.avi,10
Justin_lernt_Fahrrad_fahren_ride_bike_f_cm_np1_ri_med_1.avi,10
Justin_lernt_Fahrrad_fahren_ride_bike_f_cm_np1_ri_med_2.avi,10
Kraftwerk_-_Tour_de_france_1983_Alternative_video_ride_bike_f_cm_np1_le_med_1.avi,10
Kraftwerk_-_Tour_de_france_1983_Alternative_video_ride_bike_f_cm_np1_le_med_6.avi,10
Kraftwerk_-_Tour_de_france_1983_Alternative_video_ride_bike_f_cm_np1_le_med_7.avi,10
Kraftwerk_-_Tour_de_france_1983_Alternative_video_ride_bike_f_cm_np4_fr_med_0.avi,10
Kraftwerk_-_Tour_de_france_1983_Alternative_video_ride_bike_f_cm_np4_fr_med_2.avi,10
Kraftwerk_-_Tour_de_france_1983_Alternative_video_ride_bike_f_cm_np4_fr_med_5.avi,10
Kraftwerk_-_Tour_de_france_1983_Alternative_video_ride_bike_f_nm_np1_fr_med_8.avi,10
Kraftwerk_-_Tour_de_france_1983_Alternative_video_ride_bike_l_cm_np1_le_med_3.avi,10
Kraftwerk_-_Tour_de_france_1983_Alternative_video_ride_bike_l_cm_np1_le_med_4.avi,10
Radfahren_um_die_Aggertalsperre_06_09_2009_ride_bike_f_cm_np1_ba_med_12.avi,10
Radfahren_um_die_Aggertalsperre_06_09_2009_ride_bike_f_cm_np1_ba_med_13.avi,10
Radfahren_um_die_Aggertalsperre_06_09_2009_ride_bike_f_cm_np1_ba_med_7.avi,10
Radfahren_um_die_Aggertalsperre_06_09_2009_ride_bike_f_cm_np1_fr_med_10.avi,10
Radfahren_um_die_Aggertalsperre_06_09_2009_ride_bike_f_cm_np1_le_bad_4.avi,10
Radfahren_um_die_Aggertalsperre_06_09_2009_ride_bike_f_cm_np1_le_med_3.avi,10
Radfahren_um_die_Aggertalsperre_06_09_2009_ride_bike_f_cm_np1_le_med_5.avi,10
Radfahren_um_die_Aggertalsperre_06_09_2009_ride_bike_f_cm_np2_ba_med_11.avi,10
Radfahren_um_die_Aggertalsperre_06_09_2009_ride_bike_f_cm_np2_fr_med_15.avi,10
Radfahren_um_die_Aggertalsperre_06_09_2009_ride_bike_f_cm_np2_le_med_14.avi,10
Radfahren_um_die_Aggertalsperre_06_09_2009_ride_bike_f_cm_np2_le_med_16.avi,10
Radfahren_um_die_Aggertalsperre_06_09_2009_ride_bike_f_cm_np2_le_med_2.avi,10
Radfahren_um_die_Aggertalsperre_06_09_2009_ride_bike_f_cm_np2_ri_med_0.avi,10
Radfahren_um_die_Aggertalsperre_06_09_2009_ride_bike_f_cm_np2_ri_med_6.avi,10
Radfahren_um_die_Aggertalsperre_06_09_2009_ride_bike_l_cm_np1_ba_med_8.avi,10
Radfahren_um_die_Aggertalsperre_06_09_2009_ride_bike_l_cm_np1_ba_med_9.avi,10
Tour_de_France_2003_-_Armstrong_attacks_Ullrich_after_Fall_ride_bike_f_cm_np1_ba_med_2.avi,10
Tour_de_France_2003_-_Armstrong_attacks_Ullrich_after_Fall_ride_bike_f_cm_np1_ba_med_3.avi,10
Tour_de_France_2003_-_Armstrong_attacks_Ullrich_after_Fall_ride_bike_f_cm_np1_ba_med_4.avi,10
Tour_de_France_2003_-_Armstrong_attacks_Ullrich_after_Fall_ride_bike_f_cm_np2_fr_med_0.avi,10
Tour_de_France_2003_-_Armstrong_attacks_Ullrich_after_Fall_ride_bike_f_cm_np2_fr_med_1.avi,10
